date,open_interest_all,net
1986-01-15,82722,4207
1986-01-31,81949,5038
1986-02-14,82008,2022
1986-02-28,79008,-200
1986-03-14,74066,969
1986-03-31,78406,-1453
1986-04-15,79567,3050
1986-04-30,73868,40
1986-05-15,73890,-895
1986-05-30,75216,2457
1986-06-13,74855,5131
1986-06-30,64478,-974
1986-07-15,65294,-2376
1986-07-31,71238,955
1986-08-15,77588,8013
1986-08-29,67835,6529
1986-09-15,87271,11452
1986-09-30,73895,7289
1986-10-15,84548,7676
1986-10-31,89998,9052
1986-11-14,98214,8332
1986-11-28,90952,4534
1986-12-15,89252,5415
1986-12-31,89822,3945
1987-01-15,93470,6314
1987-01-30,95672,6393
1987-02-13,94609,4741
1987-02-27,89438,3312
1987-03-13,92735,7236
1987-03-31,100751,12652
1987-04-15,111131,12231
1987-04-30,108882,8743
1987-05-15,99902,13289
1987-05-29,93803,4860
1987-06-15,92473,9520
1987-06-30,80745,8586
1987-07-15,83105,9524
1987-07-31,88277,11940
1987-08-14,86311,6330
1987-08-31,82360,929
1987-09-15,80424,5590
1987-09-30,78573,3784
1987-10-15,86803,5337
1987-10-30,82890,3739
1987-11-13,78897,3125
1987-11-30,71169,2721
1987-12-15,71447,4200
1987-12-31,74233,2745
1988-01-15,77166,3485
1988-01-29,79470,1339
1988-02-12,80621,-666
1988-02-29,71002,3105
1988-03-15,67760,3281
1988-03-31,68708,10318
1988-04-15,65254,2821
1988-04-29,62356,4038
1988-05-13,69826,4584
1988-05-31,71083,6403
1988-06-15,81946,10239
1988-06-30,79431,8694
1988-07-15,86951,15402
1988-07-29,83956,8344
1988-08-15,81975,3538
1988-08-31,76870,2687
1988-09-15,84791,3277
1988-09-30,81903,1833
1988-10-14,86088,5235
1988-10-31,86090,5204
1988-11-15,89952,6123
1988-11-30,91104,-933
1988-12-15,90557,1901
1988-12-30,93990,1629
1989-01-13,92768,-1272
1989-01-31,94178,3053
1989-02-15,96665,3957
1989-02-28,91910,5646
1989-03-15,91484,15836
1989-03-31,97317,8184
1989-04-14,101606,8708
1989-04-28,93849,6061
1989-05-15,93496,4101
1989-05-31,87166,5815
1989-06-15,87582,5045
1989-06-30,85789,2184
1989-07-14,82030,3030
1989-07-31,88352,496
1989-08-15,87521,1382
1989-08-31,84012,41
1989-09-15,84173,630
1989-09-29,88111,9940
1989-10-13,87867,3757
1989-10-31,88762,8558
1989-11-15,89216,18540
1989-11-30,90479,24885
1989-12-15,94383,23204
1989-12-29,94843,12807
1990-01-15,95260,11109
1990-01-31,92892,8927
1990-02-15,91942,15138
1990-02-28,95314,8886
1990-03-15,96786,7496
1990-03-30,98752,7245
1990-04-12,92661,12294
1990-04-30,96543,6526
1990-05-15,94790,8773
1990-05-31,97589,22826
1990-06-15,110675,6341
1990-06-29,102356,9761
1990-07-13,98270,11238
1990-07-31,100192,5361
1990-08-15,101135,16762
1990-08-31,93504,7626
1990-09-14,91407,6776
1990-09-28,91807,8662
1990-10-15,91155,9150
1990-10-31,89414,10467
1990-11-15,84858,8516
1990-11-30,73707,9937
1990-12-14,82613,7547
1990-12-31,84343,13410
1991-01-15,92239,13053
1991-01-31,89726,7869
1991-02-15,102137,13195
1991-02-28,96613,13097
1991-03-15,99760,26162
1991-03-28,105335,23213
1991-04-15,98063,19561
1991-04-30,95163,18304
1991-05-15,95414,20806
1991-05-31,98889,17334
1991-06-14,108901,27758
1991-06-28,97162,27870
1991-07-15,97616,23452
1991-07-31,96529,8300
1991-08-15,96182,1450
1991-08-30,87980,1031
1991-09-16,86917,9755
1991-09-30,86818,18775
1991-10-15,90476,15814
1991-10-31,93747,17745
1991-11-15,89210,9133
1991-11-29,81040,11037
1991-12-13,96584,-6244
1991-12-31,96843,-1016
1992-01-15,98251,13706
1992-01-31,96343,22126
1992-02-14,94260,21530
1992-02-28,87607,19206
1992-03-13,87719,18586
1992-03-31,90245,22534
1992-04-15,96449,10775
1992-04-30,94565,7300
1992-05-15,85822,15082
1992-05-29,86029,13741
1992-06-15,84018,17412
1992-06-30,80383,6173
1992-07-15,81509,7562
1992-07-31,80767,9245
1992-08-14,83052,3249
1992-08-31,79526,7191
1992-09-15,72642,11141
1992-09-30,71889,11553
1992-10-06,71249,11205
1992-10-13,70054,11495
1992-10-20,73618,12620
1992-10-27,73045,14143
1992-11-03,73513,15242
1992-11-10,80667,17197
1992-11-17,76501,15019
1992-11-24,75530,15050
1992-12-01,71438,15278
1992-12-08,70866,14583
1992-12-15,71331,13123
1992-12-22,71986,14450
1992-12-29,75202,10191
1993-01-05,77640,8296
1993-01-12,79540,10036
1993-01-19,81358,12017
1993-01-26,80602,16145
1993-02-02,79200,12839
1993-02-09,80481,13074
1993-02-16,83013,15024
1993-02-23,96768,1271
1993-03-02,88353,2759
1993-03-09,88224,2208
1993-03-16,82860,10557
1993-03-23,84475,12236
1993-03-30,92679,27256
1993-04-06,96947,34227
1993-04-13,95518,33172
1993-04-20,98978,32362
1993-04-27,109531,34038
1993-05-04,104252,29894
1993-05-11,104248,29672
1993-05-18,107217,28663
1993-05-25,107080,27268
1993-06-01,107638,23991
1993-06-08,103993,22296
1993-06-15,99004,18823
1993-06-22,101769,18001
1993-06-29,102978,24751
1993-07-06,103506,26909
1993-07-13,108242,30212
1993-07-20,108548,27627
1993-07-27,106962,27924
1993-08-03,114900,29212
1993-08-10,107703,23591
1993-08-17,106813,25263
1993-08-24,108322,24901
1993-08-31,99584,29830
1993-09-07,96390,25779
1993-09-14,95741,25391
1993-09-21,92402,22972
1993-09-28,91233,23711
1993-10-05,90461,23716
1993-10-12,93580,25883
1993-10-19,92657,23704
1993-10-26,96200,24058
1993-11-02,101263,21366
1993-11-09,102013,21975
1993-11-16,101279,24685
1993-11-23,103903,20476
1993-11-30,92806,20572
1993-12-07,107222,26309
1993-12-14,110272,30126
1993-12-21,112332,30933
1993-12-28,114054,32120
1994-01-04,118041,34044
1994-01-11,106964,31204
1994-01-18,111477,35130
1994-01-25,110651,34920
1994-02-01,114278,35770
1994-02-08,119135,38749
1994-02-15,117655,34414
1994-02-22,115482,34238
1994-03-01,107929,37020
1994-03-08,107057,35246
1994-03-15,113823,42649
1994-03-22,116536,43753
1994-03-29,116902,44187
1994-04-05,117410,39841
1994-04-12,113560,35153
1994-04-19,114547,37222
1994-04-26,127858,38099
1994-05-03,120110,42083
1994-05-10,114017,42078
1994-05-17,119947,48597
1994-05-24,130249,55332
1994-05-31,128229,55165
1994-06-07,124445,47059
1994-06-14,124907,47140
1994-06-21,124718,50564
1994-06-28,126877,49817
1994-07-05,121780,53151
1994-07-12,122756,49556
1994-07-19,123282,47527
1994-07-26,119638,46845
1994-08-02,120551,44502
1994-08-09,122383,39870
1994-08-16,121690,34654
1994-08-23,110711,32046
1994-08-30,111767,43639
1994-09-06,108333,48617
1994-09-13,107876,40277
1994-09-20,115191,48781
1994-09-27,119912,51749
1994-10-04,125315,54734
1994-10-11,121787,48432
1994-10-18,113406,37294
1994-10-25,111247,31016
1994-11-01,113989,30332
1994-11-08,115777,28157
1994-11-15,131753,16209
1994-11-22,137656,15102
1994-11-29,140148,12365
1994-12-06,137536,8039
1994-12-13,135027,5201
1994-12-20,131634,7957
1994-12-27,133327,7395
1995-01-03,131937,7863
1995-01-10,133353,6355
1995-01-17,132566,7634
1995-01-24,131736,9045
1995-01-31,135922,6340
1995-02-07,138558,5908
1995-02-14,140848,7307
1995-02-21,140784,7363
1995-02-28,138076,8838
1995-03-07,134360,4646
1995-03-14,131101,6989
1995-03-21,131372,7561
1995-03-28,134153,8928
1995-04-04,130183,15306
1995-04-11,129877,19242
1995-04-18,132264,23023
1995-04-25,125453,24134
1995-05-02,117477,25565
1995-05-09,117829,24394
1995-05-16,109851,17157
1995-05-23,107691,14065
1995-05-30,107938,10984
1995-06-06,108529,8653
1995-06-13,108288,11520
1995-06-20,112393,12577
1995-06-27,105404,13591
1995-07-03,106230,6544
1995-07-11,102370,6107
1995-07-18,99852,9227
1995-07-25,99729,10512
1995-08-01,102987,9483
1995-08-08,108222,10053
1995-08-15,113220,12966
1995-08-22,116078,26225
1995-08-29,115300,27070
1995-09-05,99553,21109
1995-09-12,93479,22790
1995-09-19,96393,25369
1995-09-26,95062,28142
1995-10-03,96978,23004
1995-10-10,98775,20998
1995-10-17,103036,19455
1995-10-24,104749,19430
1995-10-31,106062,21347
1995-11-07,107649,19525
1995-11-14,106133,18699
1995-11-21,103562,17612
1995-11-28,105592,12112
1995-12-05,96034,12835
1995-12-12,95363,11788
1995-12-19,94931,10577
1995-12-26,95095,10496
1996-01-02,96849,13864
1996-01-09,97404,25537
1996-01-16,98602,27952
1996-01-23,100483,28298
1996-01-30,103186,27230
1996-02-06,111001,32194
1996-02-13,114098,30863
1996-02-20,108505,27156
1996-02-27,97767,24110
1996-03-05,87724,19067
1996-03-12,89503,22837
1996-03-19,91666,26363
1996-03-26,98108,32981
1996-04-02,97836,27323
1996-04-09,102885,21883
1996-04-16,105657,12502
1996-04-23,98307,7423
1996-04-30,98613,9178
1996-05-07,97372,13564
1996-05-14,99017,13262
1996-05-21,101303,3807
1996-05-28,100879,4515
1996-06-04,103265,5702
1996-06-11,110039,1968
1996-06-18,114585,187
1996-06-25,111021,2107
1996-07-02,99240,944
1996-07-09,98079,2885
1996-07-16,107865,-769
1996-07-23,112387,-6048
1996-07-30,106664,-2312
1996-08-06,111123,-2463
1996-08-13,109171,-798
1996-08-20,100042,11109
1996-08-27,92819,15930
1996-09-03,88829,16568
1996-09-10,87994,12781
1996-09-17,92555,5911
1996-09-24,98308,-3779
1996-10-01,97749,-464
1996-10-08,97644,-195
1996-10-15,92944,6273
1996-10-22,94098,2499
1996-10-29,97500,480
1996-11-05,96727,-1332
1996-11-12,94736,-1064
1996-11-19,91682,-72
1996-11-26,89184,-1634
1996-12-03,86368,-1273
1996-12-10,84492,1450
1996-12-17,83189,6137
1996-12-24,81991,4305
1996-12-31,84693,310
1997-01-07,89321,-2479
1997-01-14,94028,-1889
1997-01-21,93223,-2245
1997-01-28,89571,10513
1997-02-04,90098,8634
1997-02-11,91079,7241
1997-02-18,99563,24880
1997-02-25,93596,26348
1997-03-04,90813,31398
1997-03-11,89019,29495
1997-03-18,89969,27744
1997-03-25,88713,24456
1997-04-01,93926,18225
1997-04-08,99130,3258
1997-04-15,101823,1564
1997-04-22,98005,-384
1997-04-29,91260,-1728
1997-05-06,86192,149
1997-05-13,85327,3594
1997-05-20,90268,-3755
1997-05-27,89477,-2219
1997-06-03,91915,-2337
1997-06-10,88045,693
1997-06-17,90655,-468
1997-06-24,88950,5500
1997-07-01,93480,-2254
1997-07-08,99053,-7768
1997-07-15,99155,-7387
1997-07-22,94829,-8978
1997-07-29,97777,-10379
1997-08-05,94293,-6698
1997-08-12,92228,-5570
1997-08-19,88932,-2187
1997-08-26,82848,5757
1997-09-02,77184,5453
1997-09-09,77878,7966
1997-09-16,78406,5095
1997-09-23,78039,5957
1997-09-30,95589,32142
1997-10-07,104480,34694
1997-10-14,103011,31636
1997-10-21,99037,26740
1997-10-28,92847,14713
1997-11-04,95965,15410
1997-11-11,94993,17626
1997-11-18,98554,24604
1997-11-25,94257,40443
1997-12-02,89243,40501
1997-12-09,89550,37420
1997-12-16,94552,41731
1997-12-23,98820,42936
1997-12-30,98558,42127
1998-01-06,97490,41481
1998-01-13,92507,37700
1998-01-20,92731,36199
1998-01-27,97404,40299
1998-02-03,106274,46899
1998-02-10,111633,47958
1998-02-17,113004,49196
1998-02-24,102156,46121
1998-03-03,97626,45695
1998-03-10,97317,44868
1998-03-17,90971,34982
1998-03-24,85814,32093
1998-03-31,85986,33907
1998-04-07,87773,36263
1998-04-14,86079,35582
1998-04-21,81336,33556
1998-04-28,77206,33610
1998-05-05,74273,32404
1998-05-12,76225,26536
1998-05-19,82076,16576
1998-05-26,84069,14664
1998-06-02,93121,12441
1998-06-09,94321,14405
1998-06-16,92339,13994
1998-06-23,91947,17502
1998-06-30,79898,18981
1998-07-07,75445,18025
1998-07-14,76839,18800
1998-07-21,81787,22283
1998-07-28,80261,30667
1998-08-04,81012,29879
1998-08-11,82378,25781
1998-08-18,83930,18606
1998-08-25,83468,17202
1998-09-01,79403,8693
1998-09-08,76854,9179
1998-09-15,72989,10863
1998-09-22,74894,12172
1998-09-29,72508,24009
1998-10-06,72198,23203
1998-10-13,74184,17886
1998-10-20,74847,17816
1998-10-27,76173,17368
1998-11-03,74429,18658
1998-11-10,75074,20312
1998-11-17,77804,19006
1998-11-24,76932,14371
1998-12-01,74764,15479
1998-12-08,82305,6860
1998-12-15,80768,7197
1998-12-22,76273,13179
1998-12-29,75987,14250
1999-01-05,76063,16651
1999-01-12,80352,32807
1999-01-19,76822,30076
1999-01-26,76505,30121
1999-02-02,89734,40117
1999-02-09,100332,53636
1999-02-16,98123,51781
1999-02-23,95748,50884
1999-03-02,97800,51900
1999-03-09,85178,41466
1999-03-16,80622,29714
1999-03-23,76062,23255
1999-03-30,78567,25332
1999-04-06,79770,21883
1999-04-13,84956,11805
1999-04-20,83096,21484
1999-04-27,82409,23427
1999-05-04,76614,32382
1999-05-11,82022,38455
1999-05-18,81269,37555
1999-05-25,74250,26494
1999-06-01,76488,17963
1999-06-08,82171,11089
1999-06-15,76482,14487
1999-06-22,79866,12033
1999-06-29,78443,20172
1999-07-06,81775,32344
1999-07-13,81007,32175
1999-07-20,74994,22730
1999-07-27,74673,25650
1999-08-03,86060,41960
1999-08-10,94386,48438
1999-08-17,86799,41916
1999-08-24,83534,34463
1999-08-31,73844,26620
1999-09-07,72739,25335
1999-09-14,74979,24846
1999-09-21,79137,31101
1999-09-28,89783,44806
1999-10-05,92737,45232
1999-10-12,95551,50186
1999-10-19,80320,34695
1999-10-26,77899,28246
1999-11-02,79536,27340
1999-11-09,86458,15841
1999-11-16,81061,18593
1999-11-23,76209,26292
1999-11-30,71574,24433
1999-12-07,69769,22978
1999-12-14,69789,22429
1999-12-21,69062,25968
1999-12-28,70000,26058
2000-01-04,76093,34848
2000-01-11,73157,29769
2000-01-18,76432,24067
2000-01-25,76786,32541
2000-02-01,80659,38938
2000-02-08,85895,44193
2000-02-15,81169,40642
2000-02-22,79929,40404
2000-02-29,74070,23909
2000-03-07,74416,17797
2000-03-14,74268,16668
2000-03-21,74137,17471
2000-03-28,78683,16184
2000-04-04,73613,14341
2000-04-11,71464,18098
2000-04-18,76728,19586
2000-04-25,82551,11269
2000-05-02,72673,11793
2000-05-09,73478,16084
2000-05-16,72016,16323
2000-05-23,75631,12533
2000-05-30,81362,5184
2000-06-06,76294,16139
2000-06-13,75159,14939
2000-06-20,72499,16791
2000-06-27,78737,8781
2000-07-05,74024,13357
2000-07-11,74345,11788
2000-07-18,72072,11350
2000-07-25,76902,8897
2000-08-01,78268,9715
2000-08-08,89533,6865
2000-08-15,96284,2948
2000-08-22,98698,1212
2000-08-29,87766,2699
2000-09-05,74290,7609
2000-09-12,72522,9255
2000-09-19,73625,6779
2000-09-26,73351,6908
2000-10-03,72365,8658
2000-10-10,74915,8848
2000-10-17,78490,7744
2000-10-24,82093,3034
2000-10-31,84841,-290
2000-11-07,86546,-12
2000-11-14,84208,-3710
2000-11-21,81382,-1820
2000-11-28,79683,1679
2000-12-05,73515,1248
2000-12-12,75097,1944
2000-12-19,73261,-794
2000-12-26,72291,-760
2001-01-02,73255,-2215
2001-01-09,72565,-729
2001-01-16,69210,1609
2001-01-23,66720,11800
2001-01-30,66478,15163
2001-02-06,66339,17147
2001-02-13,72095,6435
2001-02-20,76826,1211
2001-02-27,83021,207
2001-03-06,74339,-2298
2001-03-13,73038,-1067
2001-03-20,75015,-1442
2001-03-27,73258,2510
2001-04-03,75281,1152
2001-04-10,75305,2226
2001-04-17,70392,2619
2001-04-24,67640,6555
2001-05-01,64781,4103
2001-05-08,66853,622
2001-05-15,69410,-1461
2001-05-22,67973,11327
2001-05-29,68464,15607
2001-06-05,66439,11406
2001-06-12,68826,7175
2001-06-19,65308,9533
2001-06-26,70494,6124
2001-07-03,69074,3562
2001-07-10,73531,567
2001-07-17,77428,-2586
2001-07-24,76722,-1977
2001-07-31,77616,-1753
2001-08-07,78056,-1350
2001-08-14,75207,-626
2001-08-21,74613,2970
2001-08-28,73714,3472
2001-09-04,72547,1603
2001-09-10,70825,1230
2001-09-18,63592,8859
2001-09-25,63127,24120
2001-10-02,65473,29993
2001-10-09,71215,34739
2001-10-16,65557,31256
2001-10-23,65520,23095
2001-10-30,67416,18626
2001-11-06,73175,9192
2001-11-13,73671,6839
2001-11-20,75468,4033
2001-11-27,72849,1423
2001-12-04,71351,3053
2001-12-11,67829,7904
2001-12-18,65704,13091
2001-12-21,63848,17968
2001-12-28,63260,23068
2002-01-08,67412,32613
2002-01-15,71748,36208
2002-01-22,67577,33036
2002-01-29,65182,28595
2002-02-05,66014,25221
2002-02-12,64702,26524
2002-02-19,68018,28128
2002-02-26,65009,27110
2002-03-05,66893,32037
2002-03-12,69921,32633
2002-03-19,71778,33081
2002-03-26,74477,34803
2002-04-02,80061,41929
2002-04-09,79026,39040
2002-04-16,73774,28167
2002-04-23,71283,28652
2002-04-30,73618,28975
2002-05-07,73729,29936
2002-05-14,74887,30964
2002-05-21,85666,45330
2002-05-28,98766,49506
2002-06-04,101403,52172
2002-06-11,101564,50192
2002-06-18,102608,44655
2002-06-25,98927,39164
2002-07-02,93941,42253
2002-07-09,97169,44324
2002-07-16,100428,48545
2002-07-23,95317,43275
2002-07-30,83102,28374
2002-08-06,83630,24926
2002-08-13,82391,22737
2002-08-20,83430,16444
2002-08-27,79468,13126
2002-09-03,77879,11355
2002-09-10,80009,11574
2002-09-17,81185,14319
2002-09-24,81663,22206
2002-10-01,81743,18048
2002-10-08,86501,8370
2002-10-15,90648,-373
2002-10-22,92676,-789
2002-10-29,89063,2536
2002-11-05,85603,6180
2002-11-12,84103,14809
2002-11-19,86256,17855
2002-11-26,83456,12464
2002-12-03,79183,12550
2002-12-10,76695,21139
2002-12-17,78899,27626
2002-12-23,76932,28932
2002-12-31,80920,31880
2003-01-07,95739,38587
2003-01-14,98600,37243
2003-01-21,99420,38400
2003-01-28,102214,39972
2003-02-04,103514,42528
2003-02-11,95036,29137
2003-02-14,92139,20178
2003-02-25,90955,20906
2003-03-04,81825,18010
2003-03-11,81943,22020
2003-03-18,83928,12759
2003-03-25,88189,-621
2003-04-01,89047,-3680
2003-04-08,90692,-680
2003-04-15,88705,-347
2003-04-22,87564,4091
2003-04-29,81957,9217
2003-05-06,84773,25588
2003-05-13,89108,32233
2003-05-20,89363,32164
2003-05-27,82547,30305
2003-06-03,75912,20748
2003-06-10,78684,14664
2003-06-17,79428,13682
2003-06-24,83905,9756
2003-07-01,79972,8876
2003-07-08,81775,20915
2003-07-15,87872,30343
2003-07-22,89035,29911
2003-07-29,108811,48432
2003-08-05,110005,47713
2003-08-12,107445,42183
2003-08-19,107708,39590
2003-08-26,103343,42345
2003-09-02,103311,41737
2003-09-09,109498,52810
2003-09-16,115510,51011
2003-09-23,114578,48657
2003-09-30,105542,44925
2003-10-07,89786,22741
2003-10-14,86995,18486
2003-10-21,90599,21928
2003-10-28,93409,28057
2003-11-04,92256,25071
2003-11-11,91880,24115
2003-11-18,109720,37354
2003-11-25,107762,39577
2003-12-02,104077,45142
2003-12-09,103100,47213
2003-12-16,104093,49468
2003-12-22,102585,48970
2003-12-30,102784,51525
2004-01-06,107665,55501
2004-01-13,108724,52612
2004-01-20,107814,47182
2004-01-27,114036,56445
2004-02-03,107432,50556
2004-02-10,112587,50132
2004-02-17,119070,53175
2004-02-24,118149,53699
2004-03-02,113485,54304
2004-03-09,116299,58686
2004-03-16,117659,56261
2004-03-23,119976,56347
2004-03-30,119147,56091
2004-04-06,120507,51737
2004-04-12,119901,51716
2004-04-20,110293,43303
2004-04-27,106516,34631
2004-05-04,93166,33048
2004-05-11,91879,28264
2004-05-18,89376,26183
2004-05-25,88330,23340
2004-06-01,85891,22868
2004-06-08,83809,20275
2004-06-15,85796,21028
2004-06-22,90502,20849
2004-06-29,90221,25448
2004-07-06,82761,23976
2004-07-13,87162,33936
2004-07-20,92456,39999
2004-07-27,91991,35456
2004-08-03,94715,40509
2004-08-10,97251,44344
2004-08-17,96119,43540
2004-08-24,102711,46432
2004-08-31,95230,45571
2004-09-07,87139,34677
2004-09-14,82028,23189
2004-09-21,82327,23840
2004-09-28,83896,27215
2004-10-05,99518,46281
2004-10-12,107869,53453
2004-10-19,111307,55487
2004-10-26,116815,56093
2004-11-02,114494,54332
2004-11-09,123564,57221
2004-11-16,124272,57177
2004-11-23,121720,65758
2004-11-30,116958,67224
2004-12-07,125722,70118
2004-12-14,101771,43225
2004-12-21,98426,37664
2004-12-28,99266,37706
2005-01-04,96882,38350
2005-01-11,98189,33118
2005-01-18,98962,32646
2005-01-25,96891,30226
2005-02-01,95173,30232
2005-02-08,95344,27763
2005-02-15,96899,36974
2005-02-22,102103,42314
2005-03-01,99341,42484
2005-03-08,101960,44739
2005-03-15,102305,44445
2005-03-22,103328,39552
2005-03-29,96568,32971
2005-04-05,98663,34598
2005-04-12,102168,36684
2005-04-19,104305,37636
2005-04-26,111987,40365
2005-05-03,105261,19858
2005-05-10,104114,22511
2005-05-17,102869,24690
2005-05-24,105219,24954
2005-05-31,113358,42801
2005-06-07,121857,57469
2005-06-14,128442,53947
2005-06-21,130474,51291
2005-06-28,124362,46647
2005-07-05,122624,24557
2005-07-12,123279,22860
2005-07-19,128213,21902
2005-07-26,123485,21918
2005-08-02,122020,33403
2005-08-09,123818,29238
2005-08-16,121306,24338
2005-08-23,116131,24677
2005-08-30,120303,11650
2005-09-06,112175,14566
2005-09-13,115435,15509
2005-09-20,117718,33460
2005-09-27,118954,37299
2005-10-04,125742,42782
2005-10-11,134435,51367
2005-10-18,142530,54246
2005-10-25,138960,54121
2005-11-01,137967,51548
2005-11-08,143966,51076
2005-11-15,150342,51722
2005-11-22,149698,60560
2005-11-29,145136,63151
2005-12-06,141571,66730
2005-12-13,137249,62787
2005-12-20,133600,60976
2005-12-27,135028,61193
2006-01-03,131555,59380
2006-01-10,130725,58971
2006-01-17,131701,58847
2006-01-24,131185,59832
2006-01-31,133259,56256
2006-02-07,130754,52788
2006-02-14,127737,50588
2006-02-21,132532,51847
2006-02-28,127839,44622
2006-03-07,132341,51956
2006-03-14,127834,51189
2006-03-21,132347,53901
2006-03-28,134579,52363
2006-04-04,140419,51846
2006-04-11,141906,46139
2006-04-18,140408,42176
2006-04-25,127250,36055
2006-05-02,112421,31211
2006-05-09,110968,29826
2006-05-16,110184,26070
2006-05-23,110443,26241
2006-05-30,109388,26372
2006-06-06,112351,22934
2006-06-13,112993,24468
2006-06-20,112485,22473
2006-06-27,109024,19840
2006-07-03,97874,24001
2006-07-11,99551,24391
2006-07-18,99954,23187
2006-07-25,97539,23822
2006-08-01,98685,24339
2006-08-08,108463,28570
2006-08-15,111358,27741
2006-08-22,114877,29553
2006-08-29,112346,29461
2006-09-05,108132,29820
2006-09-12,101450,22373
2006-09-19,100314,19081
2006-09-26,100272,18467
2006-10-03,98967,19213
2006-10-10,100304,19480
2006-10-17,106890,22407
2006-10-24,109100,26355
2006-10-31,110237,28102
2006-11-07,113697,30317
2006-11-14,117486,35094
2006-11-21,116375,37466
2006-11-28,109864,39044
2006-12-05,106839,41660
2006-12-12,110084,43604
2006-12-19,103358,36786
2006-12-26,101141,34503
2007-01-03,103703,32281
2007-01-09,101420,33632
2007-01-16,101830,32772
2007-01-23,108484,35653
2007-01-30,112320,38997
2007-02-06,116607,41127
2007-02-13,123596,43562
2007-02-20,127032,46428
2007-02-27,125249,54389
2007-03-06,115412,37040
2007-03-13,112728,33284
2007-03-20,113072,31564
2007-03-27,111348,32078
2007-04-03,112120,31660
2007-04-10,118004,33730
2007-04-17,122313,37033
2007-04-24,123627,38416
2007-05-01,109108,31725
2007-05-08,108852,29661
2007-05-15,108698,29756
2007-05-22,108612,25327
2007-05-29,111742,27692
2007-06-05,115097,32481
2007-06-12,119583,31680
2007-06-19,124252,34696
2007-06-26,120288,27852
2007-07-03,117290,24003
2007-07-10,116724,26478
2007-07-17,115546,27940
2007-07-24,119064,32343
2007-07-31,118550,27369
2007-08-07,122787,28940
2007-08-14,122912,26947
2007-08-21,117914,19798
2007-08-28,111791,9662
2007-09-04,107814,9277
2007-09-11,108199,10844
2007-09-18,109750,13209
2007-09-25,116537,24763
2007-10-02,117498,26598
2007-10-09,120478,28249
2007-10-16,124780,28896
2007-10-23,122842,28520
2007-10-30,133518,30489
2007-11-06,150120,34077
2007-11-13,146205,31227
2007-11-20,146852,29548
2007-11-27,144601,30874
2007-12-04,138128,28368
2007-12-11,147922,31020
2007-12-18,148157,26123
2007-12-24,150953,31490
2007-12-31,152888,35128
2008-01-08,168508,41083
2008-01-15,177544,43017
2008-01-22,179362,46588
2008-01-29,183056,46112
2008-02-05,184677,49750
2008-02-12,187309,51990
2008-02-19,189151,53138
2008-02-26,173340,53917
2008-03-04,166625,50617
2008-03-11,162481,51010
2008-03-18,160860,50455
2008-03-25,148918,40038
2008-04-01,145358,41264
2008-04-08,145698,39936
2008-04-15,149199,40537
2008-04-22,153234,41322
2008-04-29,126504,42557
2008-05-06,121057,41179
2008-05-13,122802,40041
2008-05-20,125838,43069
2008-05-27,126583,44838
2008-06-03,123200,41953
2008-06-10,128241,40921
2008-06-17,130931,40022
2008-06-24,128720,39000
2008-07-01,130495,46489
2008-07-08,135835,48138
2008-07-15,143386,49285
2008-07-22,140089,46960
2008-07-29,132854,39844
2008-08-05,133255,37200
2008-08-12,140094,36026
2008-08-19,135028,31564
2008-08-26,125075,27584
2008-09-02,116628,27009
2008-09-09,116403,24750
2008-09-16,112340,23501
2008-09-23,104403,21157
2008-09-30,103812,18336
2008-10-07,99883,17099
2008-10-14,98596,16922
2008-10-21,95873,13641
2008-10-28,95716,15068
2008-11-04,94365,17507
2008-11-11,94494,19626
2008-11-18,91853,19075
2008-11-25,86878,14159
2008-12-02,82434,16053
2008-12-09,83476,16883
2008-12-16,87384,19321
2008-12-22,85219,20240
2008-12-30,85312,19795
2009-01-06,86788,20189
2009-01-13,85916,18356
2009-01-20,86349,19066
2009-01-27,89185,20958
2009-02-03,93813,22415
2009-02-10,96019,24122
2009-02-17,99325,24717
2009-02-24,101629,25207
2009-03-03,93051,26685
2009-03-10,92260,25282
2009-03-17,92796,24415
2009-03-24,93147,22731
2009-03-31,94506,20587
2009-04-07,93101,17641
2009-04-14,94568,16806
2009-04-21,96277,13998
2009-04-28,90687,15719
2009-05-05,89477,20804
2009-05-12,96546,24500
2009-05-19,96079,28225
2009-05-26,98120,28034
2009-06-02,104986,28668
2009-06-09,106447,30884
2009-06-16,103981,29395
2009-06-23,105699,26205
2009-06-30,104594,24778
2009-07-07,100376,24126
2009-07-14,99662,21085
2009-07-21,98269,18540
2009-07-28,97761,21326
2009-08-04,99477,23849
2009-08-11,104790,27810
2009-08-18,103527,27851
2009-08-25,101539,29130
2009-09-01,106671,34429
2009-09-08,116421,40902
2009-09-15,123873,46469
2009-09-22,128184,47234
2009-09-29,128695,47410
2009-10-06,131801,47300
2009-10-13,136015,48275
2009-10-20,135456,48138
2009-10-27,132843,44140
2009-11-03,129240,39798
2009-11-09,141794,37954
2009-11-17,142200,40480
2009-11-24,136162,45648
2009-12-01,131899,45199
2009-12-08,125999,42536
2009-12-15,121787,38677
2009-12-22,122294,39678
2009-12-29,124334,38721
2010-01-05,125391,39499
2010-01-12,128675,44528
2010-01-19,131385,44301
2010-01-26,124895,37069
2010-02-02,122261,30877
2010-02-09,118593,23365
2010-02-16,120166,25378
2010-02-23,117376,27816
2010-03-02,108248,31058
2010-03-09,112130,35165
2010-03-16,114192,34856
2010-03-23,112520,32301
2010-03-30,113405,32981
2010-04-06,118712,37523
2010-04-13,123661,39605
2010-04-20,126679,38862
2010-04-27,124157,40567
2010-05-04,123448,38660
2010-05-11,122669,37590
2010-05-18,125228,42790
2010-05-25,120120,34832
2010-06-01,122368,35885
2010-06-08,122536,35003
2010-06-15,131070,37516
2010-06-22,139019,40051
2010-06-29,128065,41910
2010-07-06,118962,35044
2010-07-13,117959,35182
2010-07-20,117531,31634
2010-07-27,117370,30337
2010-08-03,123464,36455
2010-08-10,123370,35734
2010-08-17,128848,35572
2010-08-24,124185,34807
2010-08-31,130813,44813
2010-09-07,139522,47203
2010-09-14,144798,48791
2010-09-21,146767,49371
2010-09-28,154219,51481
2010-10-05,156096,48483
2010-10-12,153970,45352
2010-10-19,151104,43297
2010-10-26,152980,40509
2010-11-02,158633,39791
2010-11-09,156418,32583
2010-11-16,146693,28104
2010-11-23,147685,30426
2010-11-30,133139,34034
2010-12-07,137675,32969
2010-12-14,130145,30232
2010-12-21,133135,30295
2010-12-28,137918,32119
2011-01-04,136931,30035
2011-01-11,136331,29269
2011-01-18,135675,29653
2011-01-25,125229,28226
2011-02-01,125287,30680
2011-02-08,135797,37063
2011-02-15,147113,40937
2011-02-22,145070,39223
2011-03-01,135802,37902
2011-03-08,133485,38494
2011-03-15,134914,34954
2011-03-22,135988,36775
2011-03-29,138486,37139
2011-04-05,143013,36785
2011-04-12,144670,32722
2011-04-19,144981,33766
2011-04-26,143341,24995
2011-05-03,131907,23354
2011-05-10,123537,23486
2011-05-17,120227,17435
2011-05-24,121395,17583
2011-05-31,120853,17582
2011-06-07,121191,16999
2011-06-14,118846,16587
2011-06-21,120238,19323
2011-06-28,114330,15998
2011-07-05,111251,18835
2011-07-12,112795,20503
2011-07-19,115999,20749
2011-07-26,119563,23913
2011-08-02,120385,24851
2011-08-09,115939,18388
2011-08-16,116007,21928
2011-08-23,122543,27011
2011-08-30,112375,26843
2011-09-06,113449,27207
2011-09-13,112726,26287
2011-09-20,112103,22538
2011-09-27,102014,15425
2011-10-04,101102,11900
2011-10-11,99698,11948
2011-10-18,103357,10352
2011-10-25,107066,11022
2011-11-01,108675,12174
2011-11-08,111841,12940
2011-11-15,110513,14447
2011-11-22,108548,12624
2011-11-29,98959,12094
2011-12-06,95684,12630
2011-12-13,98311,13667
2011-12-20,101165,7428
2011-12-27,103993,6855
2012-01-03,107101,9638
2012-01-10,104345,11071
2012-01-17,103668,13393
2012-01-24,103025,16117
2012-01-31,101747,19091
2012-02-07,106008,23587
2012-02-14,104872,25668
2012-02-21,110583,26665
2012-02-28,115866,30003
2012-03-06,111023,23192
2012-03-13,111730,21816
2012-03-20,111422,21169
2012-03-27,109859,18655
2012-04-03,116434,20055
2012-04-10,114469,18186
2012-04-17,121448,18407
2012-04-24,122325,16471
2012-05-01,110862,15584
2012-05-08,113549,12563
2012-05-15,114208,11474
2012-05-22,113647,10797
2012-05-29,113961,8558
2012-06-05,116809,9794
2012-06-12,122080,9609
2012-06-19,122508,10102
2012-06-26,126164,6222
2012-07-03,122128,9706
2012-07-10,124109,8782
2012-07-17,121819,7656
2012-07-24,123661,8159
2012-07-31,121809,13036
2012-08-07,124276,13680
2012-08-14,128993,15587
2012-08-21,127776,21200
2012-08-28,121777,28638
2012-09-04,119504,32430
2012-09-11,121050,31482
2012-09-18,127032,32555
2012-09-25,133163,34010
2012-10-02,139117,38118
2012-10-09,140426,39825
2012-10-16,141405,40128
2012-10-23,140643,38136
2012-10-30,137585,36217
2012-11-06,139313,34119
2012-11-13,144567,34410
2012-11-20,150335,37961
2012-11-27,150727,41275
2012-12-04,141738,41272
2012-12-11,142085,39500
2012-12-18,141423,35989
2012-12-24,140751,30643
2012-12-31,141489,29187
2013-01-08,137542,28094
2013-01-15,140433,28572
2013-01-22,142279,31093
2013-01-29,148532,34804
2013-02-05,151512,35861
2013-02-12,152817,32072
2013-02-19,155353,26456
2013-02-26,145625,21737
2013-03-05,147100,18603
2013-03-12,148283,18108
2013-03-19,151521,15051
2013-03-26,151568,11404
2013-04-02,155755,8146
2013-04-09,162241,7915
2013-04-16,157302,17598
2013-04-23,158970,15001
2013-04-30,143477,12190
2013-05-07,144156,13651
2013-05-14,144666,10794
2013-05-21,148619,8815
2013-05-28,145299,4591
2013-06-04,145734,5356
2013-06-11,147175,3703
2013-06-18,149891,3904
2013-06-25,140639,837
2013-07-02,136146,4647
2013-07-09,133851,5021
2013-07-16,133445,6635
2013-07-23,131748,5681
2013-07-30,132831,4975
2013-08-06,132053,5467
2013-08-13,135226,12709
2013-08-20,131076,18508
2013-08-27,122271,16380
2013-09-03,115644,18847
2013-09-10,112276,15834
2013-09-17,112757,13806
2013-09-24,112317,12652
2013-10-01,115238,12775
2013-10-08,116098,15006
2013-10-15,116207,14768
2013-10-22,116767,18208
2013-10-29,117934,18449
2013-11-05,118718,18903
2013-11-12,129525,13036
2013-11-19,138809,10031
2013-11-26,133287,6622
2013-12-03,133109,2901
2013-12-10,133086,9953
2013-12-17,133306,11548
2013-12-24,132501,12098
2013-12-31,132475,14681
2014-01-07,131294,17335
2014-01-14,136158,16489
2014-01-21,139468,15868
2014-01-28,144244,10492
2014-02-04,149163,6988
2014-02-11,147988,12634
2014-02-18,147035,23535
2014-02-25,144305,28937
2014-03-04,133550,27909
2014-03-11,136625,26664
2014-03-18,144578,24372
2014-03-25,147597,19013
2014-04-01,150361,14504
2014-04-08,159316,16262
2014-04-15,164158,13099
2014-04-22,157687,14117
2014-04-29,149341,12051
2014-05-06,149495,10379
2014-05-13,149922,11537
2014-05-20,150164,8076
2014-05-27,156319,5088
2014-06-03,161062,766
2014-06-10,161532,4106
2014-06-17,164576,13337
2014-06-24,158093,29330
2014-07-01,156698,40299
2014-07-08,162879,47881
2014-07-15,162447,49278
2014-07-22,162485,47525
2014-07-29,158558,44112
2014-08-05,157578,34363
2014-08-12,158219,29697
2014-08-19,164893,24151
2014-08-26,164262,22524
2014-09-02,162307,19555
2014-09-09,165281,16537
2014-09-16,171260,10912
2014-09-23,170393,8822
2014-09-30,173222,6626
2014-10-07,171283,8942
2014-10-14,169329,7737
2014-10-21,170192,6831
2014-10-28,173733,5932
2014-11-04,176463,6942
2014-11-11,170684,10432
2014-11-18,173075,11754
2014-11-25,156984,15456
2014-12-02,148422,21591
2014-12-09,148195,28459
2014-12-16,150199,26489
2014-12-23,149149,26313
2014-12-30,149594,30022
2015-01-06,152879,32039
2015-01-13,157282,39939
2015-01-20,159904,46274
2015-01-27,162440,53347
2015-02-03,168486,50573
2015-02-10,168146,46864
2015-02-17,175193,41323
2015-02-24,166676,37339
2015-03-03,164018,31207
2015-03-10,169125,25972
2015-03-17,178524,24411
2015-03-24,172659,32123
2015-03-31,170105,43112
2015-04-07,169700,42081
2015-04-14,177877,34545
2015-04-21,182633,24325
2015-04-28,179461,22930
2015-05-05,175694,27623
2015-05-12,174919,29338
2015-05-19,174337,51280
2015-05-26,173629,50981
2015-06-02,178343,46845
2015-06-09,189524,22546
2015-06-16,191774,15672
2015-06-23,200273,15557
2015-06-30,196724,9881
2015-07-07,197092,6793
2015-07-14,185716,9553
2015-07-21,190226,4245
2015-07-28,190322,6296
2015-08-04,185848,8405
2015-08-11,177902,16837
2015-08-18,173545,14034
2015-08-25,167243,15558
2015-09-01,157013,17472
2015-09-08,155615,18741
2015-09-15,158007,14263
2015-09-22,152140,24859
2015-09-29,156905,23103
2015-10-06,156226,40786
2015-10-13,161346,51710
2015-10-20,167574,57298
2015-10-27,169757,62445
2015-11-03,166942,58377
2015-11-10,162435,38990
2015-11-17,170721,25254
2015-11-24,170092,19393
2015-12-01,163286,21890
2015-12-08,162758,21260
2015-12-15,166864,15577
2015-12-22,161116,23391
2015-12-29,165006,20704
2016-01-05,167520,21626
2016-01-12,166172,22483
2016-01-19,159521,28958
2016-01-26,154734,37586
2016-02-02,157934,38588
2016-02-09,164664,52682
2016-02-16,166645,58717
2016-02-23,174697,61927
2016-03-01,162293,55480
2016-03-08,169875,59884
2016-03-15,166180,58073
2016-03-22,175775,63429
2016-03-29,175255,54507
2016-04-05,179913,52011
2016-04-12,184800,62468
2016-04-19,194510,71428
2016-04-26,206748,78773
2016-05-03,198237,75875
2016-05-10,205391,80271
2016-05-17,207394,77202
2016-05-24,203682,65884
2016-05-31,198118,61631
2016-06-07,192376,57041
2016-06-14,199111,69639
2016-06-21,205618,80243
2016-06-28,211396,83661
2016-07-05,211347,85754
2016-07-12,214617,87652
2016-07-19,219206,94390
2016-07-26,218299,96077
2016-08-02,224540,93434
2016-08-09,210647,91064
2016-08-16,205905,84989
2016-08-23,206264,83203
2016-08-30,189416,84354
2016-09-06,199197,88028
2016-09-13,193953,81568
2016-09-20,193501,82635
2016-09-27,201486,84862
2016-10-04,198747,75803
2016-10-11,187469,62893
2016-10-18,189229,59286
2016-10-25,196311,57073
2016-11-01,196912,62136
2016-11-08,188265,65269
2016-11-15,174831,62606
2016-11-22,169661,60167
2016-11-29,156626,59040
2016-12-06,159337,59365
2016-12-13,163556,66933
2016-12-20,159697,60894
2016-12-27,163097,58911
2017-01-03,163812,61291
2017-01-10,165040,64601
2017-01-17,172056,69482
2017-01-24,177601,71021
2017-01-31,186839,75974
2017-02-07,193936,78277
2017-02-14,195338,84812
2017-02-21,208147,88017
2017-02-28,197629,95423
2017-03-07,192398,93453
2017-03-14,186936,82878
2017-03-21,190819,79112
2017-03-28,201829,90688
2017-04-04,219160,101382
2017-04-11,220172,105515
2017-04-18,227984,103887
2017-04-25,214782,93613
2017-05-02,189240,71367
2017-05-09,196083,53655
2017-05-16,215127,43004
2017-05-23,203459,51173
2017-05-30,205235,61414
2017-06-06,208967,65941
2017-06-13,201214,60658
2017-06-20,199929,46681
2017-06-27,204637,35532
2017-07-03,203541,26275
2017-07-11,207592,14005
2017-07-18,209689,9376
2017-07-25,206347,19417
2017-08-01,207258,30759
2017-08-08,195163,33864
2017-08-15,187955,38851
2017-08-22,187227,44546
2017-08-29,182823,53645
2017-09-05,183276,64171
2017-09-12,188207,74987
2017-09-19,192994,67803
2017-09-26,186906,60260
2017-10-03,183494,59179
2017-10-10,188258,59108
2017-10-17,191928,63915
2017-10-24,193899,65120
2017-10-31,198853,60152
2017-11-07,203330,68902
2017-11-14,199899,69173
2017-11-21,199402,67641
2017-11-28,186272,58782
2017-12-05,192970,31426
2017-12-12,202797,9914
2017-12-19,203703,2469
2017-12-26,200321,4648
2018-01-02,192423,22750
2018-01-09,195009,38035
2018-01-16,196511,37212
2018-01-23,199985,29081
2018-01-30,198358,32422
2018-02-06,205470,16540
2018-02-13,194056,8711
2018-02-20,203629,5320
2018-02-27,193343,-1508
2018-03-06,196590,6186
2018-03-13,200094,2947
2018-03-20,216042,-12516
2018-03-27,219518,-13657
2018-04-03,232682,-16965
2018-04-10,227175,-14833
2018-04-17,214297,-87
2018-04-24,201707,11967
2018-05-01,194685,-7196
2018-05-08,195865,-121
2018-05-15,198065,658
2018-05-22,198248,15225
2018-05-29,207610,17453
2018-06-05,211605,19434
2018-06-12,230163,49730
2018-06-19,218814,40902
2018-06-26,218492,34221
2018-07-03,205622,24682
2018-07-10,207701,23699
2018-07-17,212527,8882
2018-07-24,214596,3538
2018-07-31,226512,5864
2018-08-07,235440,4341
2018-08-14,240038,-2836
2018-08-21,244196,-7158
2018-08-28,227329,-16598
2018-09-04,212391,-28974
2018-09-11,208969,-27403
2018-09-18,205469,-25516
2018-09-25,204508,-23255
2018-10-02,200173,-17498
2018-10-09,199853,-22250
2018-10-16,199398,-14827
2018-10-23,199746,-5179
2018-10-30,208976,-8470
2018-11-06,213566,-2470
2018-11-13,224346,-17145
2018-11-20,223049,-10728
2018-11-27,199783,-10966
2018-12-04,179909,-635
2018-12-11,174071,11256
2018-12-18,172860,19831
2018-12-24,173685,25550
2018-12-31,176159,44959
2019-01-08,186506,54023
2019-01-15,191922,52175
2019-01-22,188674,48156
2019-01-29,194895,54283
2019-02-05,207101,57095
2019-02-12,217925,53203
2019-02-19,220822,50269
2019-02-26,206447,58313
2019-03-05,190024,32521
2019-03-12,189768,27082
2019-03-19,189124,23310
2019-03-26,192676,26677
2019-04-02,199592,16783
2019-04-09,208784,16418
2019-04-16,224783,5885
2019-04-23,219113,-110
2019-04-30,196610,2136
2019-05-07,199467,-957
2019-05-14,203788,-2209
2019-05-21,210356,-14662
2019-05-28,217605,-22409
2019-06-04,216145,-8443
2019-06-11,226513,2660
2019-06-18,239466,14516
2019-06-25,229007,30565
2019-07-02,221224,30455
2019-07-09,218493,25151
2019-07-16,229465,37425
2019-07-23,234735,54761
2019-07-30,239059,64297
2019-08-06,239290,49832
2019-08-13,233839,39269
2019-08-20,238086,46714
2019-08-27,239970,59852
2019-09-03,225688,62125
2019-09-10,217433,60231
2019-09-17,212514,55978
2019-09-24,215217,50729
2019-10-01,212266,49815
2019-10-08,213968,50754
2019-10-15,210916,43989
2019-10-22,214529,46743
2019-10-29,221384,53678
2019-11-05,227509,47997
2019-11-12,222122,37364
2019-11-19,221707,44716
2019-11-26,209603,52510
2019-12-03,205807,50227
2019-12-10,202258,40742
2019-12-17,206302,45781
2019-12-24,223046,62422
2019-12-31,229680,69728
2020-01-07,234324,67253
2020-01-14,234639,67373
2020-01-21,233858,68875
2020-01-28,231933,63417
2020-02-04,224936,67803
2020-02-11,221858,67637
2020-02-18,238077,77877
2020-02-25,238970,74793
2020-03-03,196909,48303
2020-03-10,187060,44947
2020-03-17,166682,41968
2020-03-24,150700,33687
2020-03-31,139256,30878
2020-04-07,138974,29717
2020-04-14,143477,30554
2020-04-21,139607,28508
2020-04-28,138349,25505
2020-05-05,132573,22915
2020-05-12,135987,25773
2020-05-19,151890,30928
2020-05-26,158185,37189
2020-06-02,169670,37224
2020-06-09,175240,33365
2020-06-16,174386,36622
2020-06-23,183444,37923
2020-06-30,169418,37601
2020-07-07,169513,37825
2020-07-14,178367,43869
2020-07-21,185745,46755
2020-07-28,184020,27308
2020-08-04,205527,29889
2020-08-11,198069,23568
2020-08-18,194897,26556
2020-08-25,187631,31337
2020-09-01,166449,33472
2020-09-08,158991,33480
2020-09-15,162397,38349
2020-09-22,157908,38947
2020-09-29,157308,40730
2020-10-06,155484,41257
2020-10-13,158203,40788
2020-10-20,157845,44726
2020-10-27,160550,44631
2020-11-03,153267,45341
2020-11-10,155011,45828
2020-11-17,160972,45614
2020-11-24,162092,45680
2020-12-01,152372,47892
2020-12-08,154821,48376
2020-12-15,158268,49512
2020-12-21,171398,57289
2020-12-29,170057,54779
2021-01-05,176005,55551
2021-01-12,170033,52792
2021-01-19,166896,52002
2021-01-26,167880,54460
2021-02-02,179786,51409
2021-02-09,179288,49543
2021-02-16,183544,49824
2021-02-23,172392,47643
2021-03-02,158349,39616
2021-03-09,155425,36149
2021-03-16,159092,33609
2021-03-23,160437,31079
2021-03-30,154987,28970
2021-04-06,154593,32315
2021-04-13,164066,36424
2021-04-20,169420,41681
2021-04-27,172470,42841
2021-05-04,167073,47867
2021-05-11,178250,52843
2021-05-18,181606,50981
2021-05-25,180830,50482
2021-06-01,182312,47517
2021-06-08,184841,49806
2021-06-15,194268,52064
2021-06-22,175703,39871
2021-06-29,157119,41477
2021-07-06,157216,44488
2021-07-13,154699,43689
2021-07-20,151763,37475
2021-07-27,150814,31217
2021-08-03,146196,36139
2021-08-10,154491,24474
2021-08-17,153825,21220
2021-08-24,149847,21861
2021-08-31,140937,22331
2021-09-07,139187,28556
2021-09-14,140540,26676
2021-09-21,145537,15635
2021-09-28,142163,16705
2021-10-05,139763,16379
2021-10-12,139403,17987
2021-10-19,143664,30356
2021-10-26,141581,37532
2021-11-02,141394,33115
2021-11-09,144370,36915
2021-11-16,152404,45625
2021-11-23,149642,40105
2021-11-30,138003,38434
2021-12-07,136572,29833
2021-12-14,142384,21984
2021-12-21,141119,20926
2021-12-28,141246,26458
2022-01-04,139521,30919
2022-01-11,144442,27548
2022-01-18,148737,29700
2022-01-25,151779,32141
2022-02-01,149136,22118
2022-02-08,147379,19299
2022-02-15,156968,23556
2022-02-22,163745,30302
2022-03-01,157391,44948
2022-03-08,168283,52297
2022-03-15,159571,51554
2022-03-22,155456,47947
2022-03-29,147370,48240
2022-04-05,148526,45034
2022-04-12,158813,45986
2022-04-19,170577,46429
2022-04-26,145538,35406
2022-05-03,137692,28068
2022-05-10,142752,19082
2022-05-17,144534,16114
2022-05-24,146456,14103
2022-05-31,147301,13997
2022-06-07,148294,17404
2022-06-14,151978,14005
2022-06-21,145356,18419
2022-06-28,135775,10891
2022-07-05,140463,5139
2022-07-12,142259,3204
2022-07-19,145247,1360
2022-07-26,147784,-4500
2022-08-02,136267,974
2022-08-09,141093,2879
2022-08-16,144314,3508
2022-08-23,144357,-4500
2022-08-30,138714,-8271
2022-09-06,138300,-12784
2022-09-13,135530,-4640
2022-09-20,132107,-1640
2022-09-27,129000,758
2022-10-04,129524,8708
2022-10-11,125623,7389
2022-10-18,136055,1267
2022-10-25,139085,-101
2022-11-01,138875,1524
2022-11-08,140437,13003
2022-11-15,141623,17607
2022-11-22,128907,16766
2022-11-29,121258,17483
2022-12-06,122558,19208
2022-12-13,125555,22819
2022-12-20,129278,29762
2022-12-27,128467,31027
2023-01-03,131990,30934
2023-01-10,129961,29013
2023-01-17,131862,31468
2023-01-24,134922,25684
2023-01-31,138263,27316
2023-02-07,133601,13531
2023-02-14,132132,11506
2023-02-21,123906,9902
2023-02-28,123900,-54
2023-03-07,127503,-7782
2023-03-14,121772,-1219
2023-03-21,119082,3462
2023-03-28,117395,13361
2023-04-04,131210,21283
2023-04-11,142699,23718
2023-04-18,158371,26595
2023-04-25,149692,30603
2023-05-02,142538,31952
2023-05-09,145445,32360
2023-05-16,140139,23815
2023-05-23,135740,21958
2023-05-30,133619,21124
2023-06-06,137871,21475
2023-06-13,153853,23736
2023-06-20,152633,20058
2023-06-27,123491,19052
2023-07-03,114421,17990
2023-07-11,120282,20292
2023-07-18,146863,43862
2023-07-25,146898,36925
2023-08-01,144138,30831
2023-08-08,137631,13324
2023-08-15,138215,7861
2023-08-22,136680,12877
2023-08-29,134993,27133
2023-09-05,128279,26804
2023-09-12,125292,18033
2023-09-19,125749,15231
2023-09-26,126206,20105
2023-10-03,125847,15344
2023-10-10,126971,12299
2023-10-17,123640,19746
2023-10-24,123980,24332
2023-10-31,126549,20211
2023-11-07,131073,18253
2023-11-14,134826,22398
2023-11-21,134333,27452
2023-11-28,139144,34280
2023-12-05,139753,36303
2023-12-12,134281,28458
2023-12-19,127549,29751
2023-12-26,131408,31863
2024-01-02,134725,32570
2024-01-09,131992,26362
2024-01-16,131956,25593
2024-01-23,138617,17737
2024-01-30,136544,21426
2024-02-06,147333,16880
2024-02-13,152544,12425
2024-02-20,146584,22377
2024-02-27,144382,14499
2024-03-05,141026,28315
2024-03-12,144534,40978
2024-03-19,153154,52435
2024-03-26,160327,50836
2024-04-02,166823,53147
2024-04-09,174397,53212
2024-04-16,175784,53359
2024-04-23,175740,59340
2024-04-30,166315,54494
2024-05-07,161868,53652
2024-05-14,171371,59461
2024-05-21,186945,59644
2024-05-28,184846,57183
2024-06-04,179854,56403
2024-06-11,176036,51692
2024-06-18,176605,51901
2024-06-25,166470,55978
2024-07-02,154724,55834
2024-07-09,163245,61056
2024-07-16,166641,60165
2024-07-23,157106,51380
2024-07-30,151437,49061
2024-08-06,147537,49081
2024-08-13,147859,45289
2024-08-20,146986,49324
2024-08-27,141613,52186
2024-09-03,130928,46059
2024-09-10,128959,44742
2024-09-17,140605,58298
2024-09-24,150071,62198
2024-10-01,144757,56924
2024-10-08,142839,54715
2024-10-15,141898,54032
2024-10-22,157264,66355
2024-10-29,156320,60431
2024-11-05,151126,53346
2024-11-12,147526,47642
2024-11-19,141287,46323
2024-11-26,134590,42783
2024-12-03,134074,43260
2024-12-10,151096,41165
2024-12-17,146938,40264
2024-12-24,145618,40163
2024-12-31,151013,37889
2025-01-07,151590,40948
2025-01-14,150364,46080
2025-01-21,159899,47480
2025-01-28,165135,44368
2025-02-04,170726,50361
2025-02-11,164251,49710
2025-02-18,170107,54454
2025-02-25,163681,52862
2025-03-04,145935,53316
2025-03-11,155263,59526
2025-03-18,170566,62298
2025-03-25,169628,60950
2025-04-01,170197,57258
2025-04-08,154289,46516
2025-04-15,144400,43949
2025-04-22,146923,44726
2025-04-29,152669,49943
2025-05-06,140261,49252
2025-05-13,138262,47754
2025-05-20,141451,50042
2025-05-27,147555,53012
2025-06-03,163347,60770
2025-06-10,174281,66650
2025-06-17,184831,67174
2025-06-24,174613,62947
2025-07-01,163567,63400
2025-07-08,162803,58521
2025-07-15,171474,59448
2025-07-22,173679,60620
2025-07-29,170329,59407
2025-08-05,161262,50658
2025-08-12,156432,44268
2025-08-19,158477,46549
2025-08-26,158630,46466
2025-09-02,158368,55923
2025-09-09,156703,53937
2025-09-16,162954,51538
2025-09-23,165805,52276
2025-09-30,163837,49739
2025-10-07,166474,46217
2025-10-14,172415,43181
2025-10-21,169418,37259
2025-10-28,158187,37119
2025-11-04,155257,33221
2025-11-10,159649,32986
2025-11-18,153295,34016
2025-11-25,144541,32188
2025-12-02,150832,38519
2025-12-09,154762,44709
2025-12-16,152921,36352
2025-12-23,155710,35884
2025-12-30,157391,30063
2026-01-06,153240,29271
2026-01-13,151513,32060
2026-01-20,152020,25214
2026-01-27,156637,23703
2026-02-03,143180,25877
2026-02-10,133641,22955
2026-02-17,131496,24003
2026-02-24,125454,22260
2026-03-03,113326,23338
2026-03-10,115458,24578
2026-03-17,114758,21881
2026-03-24,113164,24673
2026-03-31,115169,23904
2026-04-07,115138,23417
2026-04-14,116983,23562
2026-04-21,115462,23720
2026-04-28,101275,24160
2026-05-05,96932,23892
2026-05-12,103800,26111
2026-05-19,100751,24671
2026-05-26,101744,22223
2026-06-02,102809,23926
2026-06-09,103440,22214
2026-06-16,107721,24544
2026-06-23,108944,23751
2026-06-30,108964,27368
2026-07-07,104859,28015
2026-07-14,105023,25074
2026-07-21,106410,23465
2026-07-28,106719,22217
