date,noncomm_short,noncomm_long,open_interest_all,net
1986-01-15,7480,11687,82722,4207
1986-01-31,5664,10702,81949,5038
1986-02-14,7091,9113,82008,2022
1986-02-28,10555,10355,79008,-200
1986-03-14,7771,8740,74066,969
1986-03-31,10443,8990,78406,-1453
1986-04-15,8955,12005,79567,3050
1986-04-30,7486,7526,73868,40
1986-05-15,8493,7598,73890,-895
1986-05-30,7920,10377,75216,2457
1986-06-13,7637,12768,74855,5131
1986-06-30,6399,5425,64478,-974
1986-07-15,7341,4965,65294,-2376
1986-07-31,6131,7086,71238,955
1986-08-15,3289,11302,77588,8013
1986-08-29,3424,9953,67835,6529
1986-09-15,4913,16365,87271,11452
1986-09-30,4808,12097,73895,7289
1986-10-15,4559,12235,84548,7676
1986-10-31,4438,13490,89998,9052
1986-11-14,5501,13833,98214,8332
1986-11-28,3951,8485,90952,4534
1986-12-15,3326,8741,89252,5415
1986-12-31,4693,8638,89822,3945
1987-01-15,3672,9986,93470,6314
1987-01-30,3729,10122,95672,6393
1987-02-13,4243,8984,94609,4741
1987-02-27,6561,9873,89438,3312
1987-03-13,5539,12775,92735,7236
1987-03-31,6973,19625,100751,12652
1987-04-15,8692,20923,111131,12231
1987-04-30,6519,15262,108882,8743
1987-05-15,6627,19916,99902,13289
1987-05-29,6578,11438,93803,4860
1987-06-15,3864,13384,92473,9520
1987-06-30,4697,13283,80745,8586
1987-07-15,5487,15011,83105,9524
1987-07-31,5983,17923,88277,11940
1987-08-14,5684,12014,86311,6330
1987-08-31,8965,9894,82360,929
1987-09-15,7153,12743,80424,5590
1987-09-30,5956,9740,78573,3784
1987-10-15,5206,10543,86803,5337
1987-10-30,6055,9794,82890,3739
1987-11-13,5029,8154,78897,3125
1987-11-30,4308,7029,71169,2721
1987-12-15,4567,8767,71447,4200
1987-12-31,4499,7244,74233,2745
1988-01-15,4852,8337,77166,3485
1988-01-29,6428,7767,79470,1339
1988-02-12,7385,6719,80621,-666
1988-02-29,6019,9124,71002,3105
1988-03-15,4761,8042,67760,3281
1988-03-31,4154,14472,68708,10318
1988-04-15,5184,8005,65254,2821
1988-04-29,4149,8187,62356,4038
1988-05-13,4984,9568,69826,4584
1988-05-31,4968,11371,71083,6403
1988-06-15,5065,15304,81946,10239
1988-06-30,4251,12945,79431,8694
1988-07-15,5705,21107,86951,15402
1988-07-29,5459,13803,83956,8344
1988-08-15,5956,9494,81975,3538
1988-08-31,5179,7866,76870,2687
1988-09-15,5296,8573,84791,3277
1988-09-30,5538,7371,81903,1833
1988-10-14,5651,10886,86088,5235
1988-10-31,4116,9320,86090,5204
1988-11-15,4505,10628,89952,6123
1988-11-30,11505,10572,91104,-933
1988-12-15,10341,12242,90557,1901
1988-12-30,11186,12815,93990,1629
1989-01-13,12664,11392,92768,-1272
1989-01-31,10332,13385,94178,3053
1989-02-15,9376,13333,96665,3957
1989-02-28,8555,14201,91910,5646
1989-03-15,4602,20438,91484,15836
1989-03-31,11191,19375,97317,8184
1989-04-14,10651,19359,101606,8708
1989-04-28,11074,17135,93849,6061
1989-05-15,13792,17893,93496,4101
1989-05-31,9429,15244,87166,5815
1989-06-15,7496,12541,87582,5045
1989-06-30,9083,11267,85789,2184
1989-07-14,7778,10808,82030,3030
1989-07-31,12069,12565,88352,496
1989-08-15,10879,12261,87521,1382
1989-08-31,13822,13863,84012,41
1989-09-15,14669,15299,84173,630
1989-09-29,7600,17540,88111,9940
1989-10-13,12773,16530,87867,3757
1989-10-31,8308,16866,88762,8558
1989-11-15,2214,20754,89216,18540
1989-11-30,2564,27449,90479,24885
1989-12-15,3309,26513,94383,23204
1989-12-29,4373,17180,94843,12807
1990-01-15,6257,17366,95260,11109
1990-01-31,7111,16038,92892,8927
1990-02-15,4687,19825,91942,15138
1990-02-28,10279,19165,95314,8886
1990-03-15,13001,20497,96786,7496
1990-03-30,12453,19698,98752,7245
1990-04-12,8016,20310,92661,12294
1990-04-30,12738,19264,96543,6526
1990-05-15,11678,20451,94790,8773
1990-05-31,2232,25058,97589,22826
1990-06-15,12995,19336,110675,6341
1990-06-29,13259,23020,102356,9761
1990-07-13,11689,22927,98270,11238
1990-07-31,14596,19957,100192,5361
1990-08-15,3391,20153,101135,16762
1990-08-31,8976,16602,93504,7626
1990-09-14,10086,16862,91407,6776
1990-09-28,8559,17221,91807,8662
1990-10-15,9178,18328,91155,9150
1990-10-31,9393,19860,89414,10467
1990-11-15,6741,15257,84858,8516
1990-11-30,6680,16617,73707,9937
1990-12-14,9879,17426,82613,7547
1990-12-31,4098,17508,84343,13410
1991-01-15,6592,19645,92239,13053
1991-01-31,9362,17231,89726,7869
1991-02-15,8736,21931,102137,13195
1991-02-28,8553,21650,96613,13097
1991-03-15,2880,29042,99760,26162
1991-03-28,4248,27461,105335,23213
1991-04-15,3183,22744,98063,19561
1991-04-30,4830,23134,95163,18304
1991-05-15,3851,24657,95414,20806
1991-05-31,7249,24583,98889,17334
1991-06-14,2224,29982,108901,27758
1991-06-28,1823,29693,97162,27870
1991-07-15,4474,27926,97616,23452
1991-07-31,12187,20487,96529,8300
1991-08-15,17010,18460,96182,1450
1991-08-30,18416,19447,87980,1031
1991-09-16,14322,24077,86917,9755
1991-09-30,5901,24676,86818,18775
1991-10-15,7294,23108,90476,15814
1991-10-31,5719,23464,93747,17745
1991-11-15,10699,19832,89210,9133
1991-11-29,7906,18943,81040,11037
1991-12-13,23459,17215,96584,-6244
1991-12-31,19802,18786,96843,-1016
1992-01-15,10827,24533,98251,13706
1992-01-31,5828,27954,96343,22126
1992-02-14,5890,27420,94260,21530
1992-02-28,5989,25195,87607,19206
1992-03-13,6020,24606,87719,18586
1992-03-31,4661,27195,90245,22534
1992-04-15,10549,21324,96449,10775
1992-04-30,16537,23837,94565,7300
1992-05-15,7604,22686,85822,15082
1992-05-29,8321,22062,86029,13741
1992-06-15,5381,22793,84018,17412
1992-06-30,14043,20216,80383,6173
1992-07-15,13432,20994,81509,7562
1992-07-31,11364,20609,80767,9245
1992-08-14,15123,18372,83052,3249
1992-08-31,12992,20183,79526,7191
1992-09-15,6254,17395,72642,11141
1992-09-30,6896,18449,71889,11553
1992-10-06,7333,18538,71249,11205
1992-10-13,7304,18799,70054,11495
1992-10-20,6818,19438,73618,12620
1992-10-27,5916,20059,73045,14143
1992-11-03,5363,20605,73513,15242
1992-11-10,5220,22417,80667,17197
1992-11-17,4273,19292,76501,15019
1992-11-24,4547,19597,75530,15050
1992-12-01,3947,19225,71438,15278
1992-12-08,3947,18530,70866,14583
1992-12-15,5410,18533,71331,13123
1992-12-22,4756,19206,71986,14450
1992-12-29,7492,17683,75202,10191
1993-01-05,9198,17494,77640,8296
1993-01-12,6629,16665,79540,10036
1993-01-19,5350,17367,81358,12017
1993-01-26,3412,19557,80602,16145
1993-02-02,5225,18064,79200,12839
1993-02-09,5406,18480,80481,13074
1993-02-16,2831,17855,83013,15024
1993-02-23,15863,17134,96768,1271
1993-03-02,15709,18468,88353,2759
1993-03-09,15289,17497,88224,2208
1993-03-16,7529,18086,82860,10557
1993-03-23,7697,19933,84475,12236
1993-03-30,3111,30367,92679,27256
1993-04-06,2905,37132,96947,34227
1993-04-13,1562,34734,95518,33172
1993-04-20,2218,34580,98978,32362
1993-04-27,2676,36714,109531,34038
1993-05-04,5091,34985,104252,29894
1993-05-11,5249,34921,104248,29672
1993-05-18,4895,33558,107217,28663
1993-05-25,5429,32697,107080,27268
1993-06-01,6808,30799,107638,23991
1993-06-08,5478,27774,103993,22296
1993-06-15,4439,23262,99004,18823
1993-06-22,7540,25541,101769,18001
1993-06-29,1925,26676,102978,24751
1993-07-06,5071,31980,103506,26909
1993-07-13,5491,35703,108242,30212
1993-07-20,6452,34079,108548,27627
1993-07-27,6753,34677,106962,27924
1993-08-03,7940,37152,114900,29212
1993-08-10,7567,31158,107703,23591
1993-08-17,4240,29503,106813,25263
1993-08-24,4264,29165,108322,24901
1993-08-31,3872,33702,99584,29830
1993-09-07,4966,30745,96390,25779
1993-09-14,6014,31405,95741,25391
1993-09-21,6270,29242,92402,22972
1993-09-28,5366,29077,91233,23711
1993-10-05,5123,28839,90461,23716
1993-10-12,3224,29107,93580,25883
1993-10-19,3737,27441,92657,23704
1993-10-26,3303,27361,96200,24058
1993-11-02,6697,28063,101263,21366
1993-11-09,5774,27749,102013,21975
1993-11-16,3788,28473,101279,24685
1993-11-23,4704,25180,103903,20476
1993-11-30,4671,25243,92806,20572
1993-12-07,5086,31395,107222,26309
1993-12-14,3732,33858,110272,30126
1993-12-21,3020,33953,112332,30933
1993-12-28,3049,35169,114054,32120
1994-01-04,3881,37925,118041,34044
1994-01-11,4026,35230,106964,31204
1994-01-18,4160,39290,111477,35130
1994-01-25,4191,39111,110651,34920
1994-02-01,4016,39786,114278,35770
1994-02-08,4361,43110,119135,38749
1994-02-15,3354,37768,117655,34414
1994-02-22,3758,37996,115482,34238
1994-03-01,3427,40447,107929,37020
1994-03-08,3749,38995,107057,35246
1994-03-15,3562,46211,113823,42649
1994-03-22,4415,48168,116536,43753
1994-03-29,5243,49430,116902,44187
1994-04-05,5530,45371,117410,39841
1994-04-12,5155,40308,113560,35153
1994-04-19,6331,43553,114547,37222
1994-04-26,7572,45671,127858,38099
1994-05-03,7009,49092,120110,42083
1994-05-10,5880,47958,114017,42078
1994-05-17,5035,53632,119947,48597
1994-05-24,5958,61290,130249,55332
1994-05-31,4890,60055,128229,55165
1994-06-07,4877,51936,124445,47059
1994-06-14,4722,51862,124907,47140
1994-06-21,4867,55431,124718,50564
1994-06-28,6339,56156,126877,49817
1994-07-05,5604,58755,121780,53151
1994-07-12,5923,55479,122756,49556
1994-07-19,7738,55265,123282,47527
1994-07-26,7908,54753,119638,46845
1994-08-02,8818,53320,120551,44502
1994-08-09,11093,50963,122383,39870
1994-08-16,10803,45457,121690,34654
1994-08-23,8875,40921,110711,32046
1994-08-30,3896,47535,111767,43639
1994-09-06,1828,50445,108333,48617
1994-09-13,3846,44123,107876,40277
1994-09-20,3465,52246,115191,48781
1994-09-27,4083,55832,119912,51749
1994-10-04,3045,57779,125315,54734
1994-10-11,3427,51859,121787,48432
1994-10-18,3886,41180,113406,37294
1994-10-25,3982,34998,111247,31016
1994-11-01,5743,36075,113989,30332
1994-11-08,7915,36072,115777,28157
1994-11-15,14835,31044,131753,16209
1994-11-22,14895,29997,137656,15102
1994-11-29,16176,28541,140148,12365
1994-12-06,19490,27529,137536,8039
1994-12-13,20077,25278,135027,5201
1994-12-20,18461,26418,131634,7957
1994-12-27,19799,27194,133327,7395
1995-01-03,18165,26028,131937,7863
1995-01-10,19120,25475,133353,6355
1995-01-17,15829,23463,132566,7634
1995-01-24,13578,22623,131736,9045
1995-01-31,16430,22770,135922,6340
1995-02-07,16355,22263,138558,5908
1995-02-14,13115,20422,140848,7307
1995-02-21,12782,20145,140784,7363
1995-02-28,15391,24229,138076,8838
1995-03-07,15669,20315,134360,4646
1995-03-14,12019,19008,131101,6989
1995-03-21,11532,19093,131372,7561
1995-03-28,11413,20341,134153,8928
1995-04-04,5817,21123,130183,15306
1995-04-11,6221,25463,129877,19242
1995-04-18,3469,26492,132264,23023
1995-04-25,2946,27080,125453,24134
1995-05-02,3395,28960,117477,25565
1995-05-09,4035,28429,117829,24394
1995-05-16,2965,20122,109851,17157
1995-05-23,4011,18076,107691,14065
1995-05-30,6573,17557,107938,10984
1995-06-06,7857,16510,108529,8653
1995-06-13,4824,16344,108288,11520
1995-06-20,4719,17296,112393,12577
1995-06-27,5265,18856,105404,13591
1995-07-03,10727,17271,106230,6544
1995-07-11,11100,17207,102370,6107
1995-07-18,7711,16938,99852,9227
1995-07-25,7991,18503,99729,10512
1995-08-01,9724,19207,102987,9483
1995-08-08,8931,18984,108222,10053
1995-08-15,8213,21179,113220,12966
1995-08-22,4422,30647,116078,26225
1995-08-29,4142,31212,115300,27070
1995-09-05,3132,24241,99553,21109
1995-09-12,2799,25589,93479,22790
1995-09-19,3462,28831,96393,25369
1995-09-26,1654,29796,95062,28142
1995-10-03,3330,26334,96978,23004
1995-10-10,4155,25153,98775,20998
1995-10-17,5577,25032,103036,19455
1995-10-24,5732,25162,104749,19430
1995-10-31,4462,25809,106062,21347
1995-11-07,5685,25210,107649,19525
1995-11-14,5524,24223,106133,18699
1995-11-21,6100,23712,103562,17612
1995-11-28,13581,25693,105592,12112
1995-12-05,14372,27207,96034,12835
1995-12-12,15421,27209,95363,11788
1995-12-19,14930,25507,94931,10577
1995-12-26,14560,25056,95095,10496
1996-01-02,10881,24745,96849,13864
1996-01-09,4848,30385,97404,25537
1996-01-16,4572,32524,98602,27952
1996-01-23,3529,31827,100483,28298
1996-01-30,3981,31211,103186,27230
1996-02-06,3953,36147,111001,32194
1996-02-13,3638,34501,114098,30863
1996-02-20,3701,30857,108505,27156
1996-02-27,2538,26648,97767,24110
1996-03-05,3216,22283,87724,19067
1996-03-12,1329,24166,89503,22837
1996-03-19,1739,28102,91666,26363
1996-03-26,1613,34594,98108,32981
1996-04-02,3477,30800,97836,27323
1996-04-09,8558,30441,102885,21883
1996-04-16,13261,25763,105657,12502
1996-04-23,15245,22668,98307,7423
1996-04-30,16032,25210,98613,9178
1996-05-07,13438,27002,97372,13564
1996-05-14,13320,26582,99017,13262
1996-05-21,17736,21543,101303,3807
1996-05-28,16939,21454,100879,4515
1996-06-04,16609,22311,103265,5702
1996-06-11,20372,22340,110039,1968
1996-06-18,20506,20693,114585,187
1996-06-25,18519,20626,111021,2107
1996-07-02,18477,19421,99240,944
1996-07-09,16867,19752,98079,2885
1996-07-16,22302,21533,107865,-769
1996-07-23,26950,20902,112387,-6048
1996-07-30,21593,19281,106664,-2312
1996-08-06,22593,20130,111123,-2463
1996-08-13,20377,19579,109171,-798
1996-08-20,9459,20568,100042,11109
1996-08-27,5328,21258,92819,15930
1996-09-03,5207,21775,88829,16568
1996-09-10,7057,19838,87994,12781
1996-09-17,12377,18288,92555,5911
1996-09-24,22345,18566,98308,-3779
1996-10-01,19490,19026,97749,-464
1996-10-08,19280,19085,97644,-195
1996-10-15,15432,21705,92944,6273
1996-10-22,15997,18496,94098,2499
1996-10-29,18292,18772,97500,480
1996-11-05,19766,18434,96727,-1332
1996-11-12,18529,17465,94736,-1064
1996-11-19,16578,16506,91682,-72
1996-11-26,18536,16902,89184,-1634
1996-12-03,18011,16738,86368,-1273
1996-12-10,14645,16095,84492,1450
1996-12-17,10522,16659,83189,6137
1996-12-24,11264,15569,81991,4305
1996-12-31,15845,16155,84693,310
1997-01-07,20767,18288,89321,-2479
1997-01-14,24449,22560,94028,-1889
1997-01-21,23421,21176,93223,-2245
1997-01-28,10856,21369,89571,10513
1997-02-04,12154,20788,90098,8634
1997-02-11,11833,19074,91079,7241
1997-02-18,4300,29180,99563,24880
1997-02-25,4026,30374,93596,26348
1997-03-04,1602,33000,90813,31398
1997-03-11,2576,32071,89019,29495
1997-03-18,3122,30866,89969,27744
1997-03-25,3784,28240,88713,24456
1997-04-01,6952,25177,93926,18225
1997-04-08,17317,20575,99130,3258
1997-04-15,19120,20684,101823,1564
1997-04-22,18435,18051,98005,-384
1997-04-29,19867,18139,91260,-1728
1997-05-06,17869,18018,86192,149
1997-05-13,15333,18927,85327,3594
1997-05-20,22254,18499,90268,-3755
1997-05-27,22193,19974,89477,-2219
1997-06-03,22602,20265,91915,-2337
1997-06-10,18647,19340,88045,693
1997-06-17,20135,19667,90655,-468
1997-06-24,13632,19132,88950,5500
1997-07-01,21457,19203,93480,-2254
1997-07-08,25419,17651,99053,-7768
1997-07-15,25080,17693,99155,-7387
1997-07-22,27561,18583,94829,-8978
1997-07-29,29441,19062,97777,-10379
1997-08-05,25851,19153,94293,-6698
1997-08-12,24558,18988,92228,-5570
1997-08-19,20044,17857,88932,-2187
1997-08-26,10782,16539,82848,5757
1997-09-02,10946,16399,77184,5453
1997-09-09,10576,18542,77878,7966
1997-09-16,13451,18546,78406,5095
1997-09-23,11781,17738,78039,5957
1997-09-30,8321,40463,95589,32142
1997-10-07,8629,43323,104480,34694
1997-10-14,10197,41833,103011,31636
1997-10-21,13055,39795,99037,26740
1997-10-28,15073,29786,92847,14713
1997-11-04,16542,31952,95965,15410
1997-11-11,17025,34651,94993,17626
1997-11-18,15195,39799,98554,24604
1997-11-25,7964,48407,94257,40443
1997-12-02,7858,48359,89243,40501
1997-12-09,7661,45081,89550,37420
1997-12-16,7764,49495,94552,41731
1997-12-23,8919,51855,98820,42936
1997-12-30,10022,52149,98558,42127
1998-01-06,10113,51594,97490,41481
1998-01-13,7221,44921,92507,37700
1998-01-20,7280,43479,92731,36199
1998-01-27,5472,45771,97404,40299
1998-02-03,6033,52932,106274,46899
1998-02-10,5186,53144,111633,47958
1998-02-17,4617,53813,113004,49196
1998-02-24,5541,51662,102156,46121
1998-03-03,4183,49878,97626,45695
1998-03-10,4437,49305,97317,44868
1998-03-17,5057,40039,90971,34982
1998-03-24,3768,35861,85814,32093
1998-03-31,3525,37432,85986,33907
1998-04-07,2530,38793,87773,36263
1998-04-14,3024,38606,86079,35582
1998-04-21,3764,37320,81336,33556
1998-04-28,3608,37218,77206,33610
1998-05-05,4082,36486,74273,32404
1998-05-12,6532,33068,76225,26536
1998-05-19,13975,30551,82076,16576
1998-05-26,14572,29236,84069,14664
1998-06-02,19771,32212,93121,12441
1998-06-09,18868,33273,94321,14405
1998-06-16,15286,29280,92339,13994
1998-06-23,11868,29370,91947,17502
1998-06-30,11433,30414,79898,18981
1998-07-07,11041,29066,75445,18025
1998-07-14,10769,29569,76839,18800
1998-07-21,9965,32248,81787,22283
1998-07-28,2247,32914,80261,30667
1998-08-04,3512,33391,81012,29879
1998-08-11,6483,32264,82378,25781
1998-08-18,12433,31039,83930,18606
1998-08-25,14672,31874,83468,17202
1998-09-01,21464,30157,79403,8693
1998-09-08,20847,30026,76854,9179
1998-09-15,18476,29339,72989,10863
1998-09-22,18436,30608,74894,12172
1998-09-29,7307,31316,72508,24009
1998-10-06,6245,29448,72198,23203
1998-10-13,10540,28426,74184,17886
1998-10-20,10973,28789,74847,17816
1998-10-27,11440,28808,76173,17368
1998-11-03,9397,28055,74429,18658
1998-11-10,7831,28143,75074,20312
1998-11-17,8319,27325,77804,19006
1998-11-24,11885,26256,76932,14371
1998-12-01,12850,28329,74764,15479
1998-12-08,21298,28158,82305,6860
1998-12-15,19953,27150,80768,7197
1998-12-22,14689,27868,76273,13179
1998-12-29,14744,28994,75987,14250
1999-01-05,13288,29939,76063,16651
1999-01-12,4415,37222,80352,32807
1999-01-19,4701,34777,76822,30076
1999-01-26,4594,34715,76505,30121
1999-02-02,3962,44079,89734,40117
1999-02-09,2869,56505,100332,53636
1999-02-16,3405,55186,98123,51781
1999-02-23,3587,54471,95748,50884
1999-03-02,3430,55330,97800,51900
1999-03-09,1962,43428,85178,41466
1999-03-16,3932,33646,80622,29714
1999-03-23,6404,29659,76062,23255
1999-03-30,6971,32303,78567,25332
1999-04-06,11537,33420,79770,21883
1999-04-13,20163,31968,84956,11805
1999-04-20,9356,30840,83096,21484
1999-04-27,8545,31972,82409,23427
1999-05-04,3425,35807,76614,32382
1999-05-11,2136,40591,82022,38455
1999-05-18,1768,39323,81269,37555
1999-05-25,2781,29275,74250,26494
1999-06-01,8868,26831,76488,17963
1999-06-08,15520,26609,82171,11089
1999-06-15,13138,27625,76482,14487
1999-06-22,15528,27561,79866,12033
1999-06-29,9507,29679,78443,20172
1999-07-06,3343,35687,81775,32344
1999-07-13,3193,35368,81007,32175
1999-07-20,6865,29595,74994,22730
1999-07-27,5174,30824,74673,25650
1999-08-03,3035,44995,86060,41960
1999-08-10,2721,51159,94386,48438
1999-08-17,2666,44582,86799,41916
1999-08-24,3888,38351,83534,34463
1999-08-31,7463,34083,73844,26620
1999-09-07,8430,33765,72739,25335
1999-09-14,9341,34187,74979,24846
1999-09-21,8370,39471,79137,31101
1999-09-28,5020,49826,89783,44806
1999-10-05,4758,49990,92737,45232
1999-10-12,3134,53320,95551,50186
1999-10-19,2571,37266,80320,34695
1999-10-26,4787,33033,77899,28246
1999-11-02,6711,34051,79536,27340
1999-11-09,16595,32436,86458,15841
1999-11-16,14121,32714,81061,18593
1999-11-23,7137,33429,76209,26292
1999-11-30,7834,32267,71574,24433
1999-12-07,8771,31749,69769,22978
1999-12-14,8514,30943,69789,22429
1999-12-21,6574,32542,69062,25968
1999-12-28,6583,32641,70000,26058
2000-01-04,5045,39893,76093,34848
2000-01-11,5710,35479,73157,29769
2000-01-18,11157,35224,76432,24067
2000-01-25,6602,39143,76786,32541
2000-02-01,4252,43190,80659,38938
2000-02-08,3169,47362,85895,44193
2000-02-15,1977,42619,81169,40642
2000-02-22,1647,42051,79929,40404
2000-02-29,10480,34389,74070,23909
2000-03-07,15727,33524,74416,17797
2000-03-14,17849,34517,74268,16668
2000-03-21,16256,33727,74137,17471
2000-03-28,18283,34467,78683,16184
2000-04-04,16585,30926,73613,14341
2000-04-11,12629,30727,71464,18098
2000-04-18,11727,31313,76728,19586
2000-04-25,20141,31410,82551,11269
2000-05-02,20428,32221,72673,11793
2000-05-09,16209,32293,73478,16084
2000-05-16,15284,31607,72016,16323
2000-05-23,20124,32657,75631,12533
2000-05-30,29087,34271,81362,5184
2000-06-06,15286,31425,76294,16139
2000-06-13,14351,29290,75159,14939
2000-06-20,13305,30096,72499,16791
2000-06-27,20721,29502,78737,8781
2000-07-05,17104,30461,74024,13357
2000-07-11,19423,31211,74345,11788
2000-07-18,17737,29087,72072,11350
2000-07-25,21725,30622,76902,8897
2000-08-01,19767,29482,78268,9715
2000-08-08,25104,31969,89533,6865
2000-08-15,30884,33832,96284,2948
2000-08-22,32983,34195,98698,1212
2000-08-29,30678,33377,87766,2699
2000-09-05,24432,32041,74290,7609
2000-09-12,23985,33240,72522,9255
2000-09-19,25741,32520,73625,6779
2000-09-26,25470,32378,73351,6908
2000-10-03,23114,31772,72365,8658
2000-10-10,23592,32440,74915,8848
2000-10-17,26971,34715,78490,7744
2000-10-24,32451,35485,82093,3034
2000-10-31,34750,34460,84841,-290
2000-11-07,35563,35551,86546,-12
2000-11-14,34630,30920,84208,-3710
2000-11-21,32437,30617,81382,-1820
2000-11-28,31370,33049,79683,1679
2000-12-05,32716,33964,73515,1248
2000-12-12,32456,34400,75097,1944
2000-12-19,32841,32047,73261,-794
2000-12-26,32812,32052,72291,-760
2001-01-02,34097,31882,73255,-2215
2001-01-09,32916,32187,72565,-729
2001-01-16,29244,30853,69210,1609
2001-01-23,19164,30964,66720,11800
2001-01-30,15969,31132,66478,15163
2001-02-06,15848,32995,66339,17147
2001-02-13,23093,29528,72095,6435
2001-02-20,28215,29426,76826,1211
2001-02-27,29560,29767,83021,207
2001-03-06,31729,29431,74339,-2298
2001-03-13,30709,29642,73038,-1067
2001-03-20,31153,29711,75015,-1442
2001-03-27,27852,30362,73258,2510
2001-04-03,29593,30745,75281,1152
2001-04-10,28350,30576,75305,2226
2001-04-17,25483,28102,70392,2619
2001-04-24,22094,28649,67640,6555
2001-05-01,24793,28896,64781,4103
2001-05-08,28452,29074,66853,622
2001-05-15,31045,29584,69410,-1461
2001-05-22,21052,32379,67973,11327
2001-05-29,17202,32809,68464,15607
2001-06-05,19097,30503,66439,11406
2001-06-12,21891,29066,68826,7175
2001-06-19,18974,28507,65308,9533
2001-06-26,23029,29153,70494,6124
2001-07-03,27618,31180,69074,3562
2001-07-10,31096,31663,73531,567
2001-07-17,34106,31520,77428,-2586
2001-07-24,33840,31863,76722,-1977
2001-07-31,34126,32373,77616,-1753
2001-08-07,33801,32451,78056,-1350
2001-08-14,31783,31157,75207,-626
2001-08-21,29985,32955,74613,2970
2001-08-28,29872,33344,73714,3472
2001-09-04,31365,32968,72547,1603
2001-09-10,31498,32728,70825,1230
2001-09-18,25205,34064,63592,8859
2001-09-25,9577,33697,63127,24120
2001-10-02,7436,37429,65473,29993
2001-10-09,9004,43743,71215,34739
2001-10-16,6696,37952,65557,31256
2001-10-23,8503,31598,65520,23095
2001-10-30,11847,30473,67416,18626
2001-11-06,21983,31175,73175,9192
2001-11-13,25081,31920,73671,6839
2001-11-20,27499,31532,75468,4033
2001-11-27,30166,31589,72849,1423
2001-12-04,29303,32356,71351,3053
2001-12-11,24919,32823,67829,7904
2001-12-18,19016,32107,65704,13091
2001-12-21,13840,31808,63848,17968
2001-12-28,8990,32058,63260,23068
2002-01-08,5115,37728,67412,32613
2002-01-15,4674,40882,71748,36208
2002-01-22,3600,36636,67577,33036
2002-01-29,3833,32428,65182,28595
2002-02-05,5491,30712,66014,25221
2002-02-12,4253,30777,64702,26524
2002-02-19,4405,32533,68018,28128
2002-02-26,5217,32327,65009,27110
2002-03-05,3958,35995,66893,32037
2002-03-12,3882,36515,69921,32633
2002-03-19,3600,36681,71778,33081
2002-03-26,4017,38820,74477,34803
2002-04-02,3686,45615,80061,41929
2002-04-09,4532,43572,79026,39040
2002-04-16,5958,34125,73774,28167
2002-04-23,3698,32350,71283,28652
2002-04-30,3686,32661,73618,28975
2002-05-07,3761,33697,73729,29936
2002-05-14,3413,34377,74887,30964
2002-05-21,3708,49038,85666,45330
2002-05-28,6586,56092,98766,49506
2002-06-04,6012,58184,101403,52172
2002-06-11,4528,54720,101564,50192
2002-06-18,4841,49496,102608,44655
2002-06-25,5657,44821,98927,39164
2002-07-02,4763,47016,93941,42253
2002-07-09,5742,50066,97169,44324
2002-07-16,4089,52634,100428,48545
2002-07-23,3835,47110,95317,43275
2002-07-30,3708,32082,83102,28374
2002-08-06,4766,29692,83630,24926
2002-08-13,6244,28981,82391,22737
2002-08-20,9787,26231,83430,16444
2002-08-27,13424,26550,79468,13126
2002-09-03,14855,26210,77879,11355
2002-09-10,15038,26612,80009,11574
2002-09-17,14087,28406,81185,14319
2002-09-24,10747,32953,81663,22206
2002-10-01,12792,30840,81743,18048
2002-10-08,20882,29252,86501,8370
2002-10-15,29002,28629,90648,-373
2002-10-22,30917,30128,92676,-789
2002-10-29,27401,29937,89063,2536
2002-11-05,22234,28414,85603,6180
2002-11-12,15936,30745,84103,14809
2002-11-19,14484,32339,86256,17855
2002-11-26,16324,28788,83456,12464
2002-12-03,16765,29315,79183,12550
2002-12-10,10149,31288,76695,21139
2002-12-17,6138,33764,78899,27626
2002-12-23,5314,34246,76932,28932
2002-12-31,4772,36652,80920,31880
2003-01-07,7406,45993,95739,38587
2003-01-14,8658,45901,98600,37243
2003-01-21,8616,47016,99420,38400
2003-01-28,7167,47139,102214,39972
2003-02-04,6582,49110,103514,42528
2003-02-11,7324,36461,95036,29137
2003-02-14,10643,30821,92139,20178
2003-02-25,9723,30629,90955,20906
2003-03-04,9499,27509,81825,18010
2003-03-11,6577,28597,81943,22020
2003-03-18,14759,27518,83928,12759
2003-03-25,25714,25093,88189,-621
2003-04-01,28948,25268,89047,-3680
2003-04-08,28192,27512,90692,-680
2003-04-15,27201,26854,88705,-347
2003-04-22,22701,26792,87564,4091
2003-04-29,15398,24615,81957,9217
2003-05-06,8581,34169,84773,25588
2003-05-13,6805,39038,89108,32233
2003-05-20,8176,40340,89363,32164
2003-05-27,6110,36415,82547,30305
2003-06-03,6250,26998,75912,20748
2003-06-10,11940,26604,78684,14664
2003-06-17,13676,27358,79428,13682
2003-06-24,17398,27154,83905,9756
2003-07-01,17810,26686,79972,8876
2003-07-08,10210,31125,81775,20915
2003-07-15,8294,38637,87872,30343
2003-07-22,9419,39330,89035,29911
2003-07-29,7572,56004,108811,48432
2003-08-05,5353,53066,110005,47713
2003-08-12,6163,48346,107445,42183
2003-08-19,5482,45072,107708,39590
2003-08-26,4403,46748,103343,42345
2003-09-02,6073,47810,103311,41737
2003-09-09,4680,57490,109498,52810
2003-09-16,5118,56129,115510,51011
2003-09-23,5742,54399,114578,48657
2003-09-30,6033,50958,105542,44925
2003-10-07,6991,29732,89786,22741
2003-10-14,9693,28179,86995,18486
2003-10-21,8228,30156,90599,21928
2003-10-28,5011,33068,93409,28057
2003-11-04,5156,30227,92256,25071
2003-11-11,5377,29492,91880,24115
2003-11-18,5213,42567,109720,37354
2003-11-25,1659,41236,107762,39577
2003-12-02,2656,47798,104077,45142
2003-12-09,3595,50808,103100,47213
2003-12-16,3769,53237,104093,49468
2003-12-22,3498,52468,102585,48970
2003-12-30,3364,54889,102784,51525
2004-01-06,4042,59543,107665,55501
2004-01-13,4752,57364,108724,52612
2004-01-20,7743,54925,107814,47182
2004-01-27,4621,61066,114036,56445
2004-02-03,2650,53206,107432,50556
2004-02-10,3983,54115,112587,50132
2004-02-17,3969,57144,119070,53175
2004-02-24,2432,56131,118149,53699
2004-03-02,3783,58087,113485,54304
2004-03-09,4449,63135,116299,58686
2004-03-16,5183,61444,117659,56261
2004-03-23,5373,61720,119976,56347
2004-03-30,3496,59587,119147,56091
2004-04-06,5696,57433,120507,51737
2004-04-12,3728,55444,119901,51716
2004-04-20,3286,46589,110293,43303
2004-04-27,4447,39078,106516,34631
2004-05-04,4130,37178,93166,33048
2004-05-11,5389,33653,91879,28264
2004-05-18,6815,32998,89376,26183
2004-05-25,7247,30587,88330,23340
2004-06-01,7209,30077,85891,22868
2004-06-08,9397,29672,83809,20275
2004-06-15,8623,29651,85796,21028
2004-06-22,8260,29109,90502,20849
2004-06-29,5165,30613,90221,25448
2004-07-06,6413,30389,82761,23976
2004-07-13,2825,36761,87162,33936
2004-07-20,3272,43271,92456,39999
2004-07-27,4728,40184,91991,35456
2004-08-03,4256,44765,94715,40509
2004-08-10,3675,48019,97251,44344
2004-08-17,2830,46370,96119,43540
2004-08-24,2074,48506,102711,46432
2004-08-31,2547,48118,95230,45571
2004-09-07,4221,38898,87139,34677
2004-09-14,7365,30554,82028,23189
2004-09-21,6958,30798,82327,23840
2004-09-28,4831,32046,83896,27215
2004-10-05,4088,50369,99518,46281
2004-10-12,5141,58594,107869,53453
2004-10-19,5058,60545,111307,55487
2004-10-26,6653,62746,116815,56093
2004-11-02,4172,58504,114494,54332
2004-11-09,6960,64181,123564,57221
2004-11-16,7074,64251,124272,57177
2004-11-23,4062,69820,121720,65758
2004-11-30,3763,70987,116958,67224
2004-12-07,3668,73786,125722,70118
2004-12-14,3331,46556,101771,43225
2004-12-21,4553,42217,98426,37664
2004-12-28,4612,42318,99266,37706
2005-01-04,4797,43147,96882,38350
2005-01-11,9052,42170,98189,33118
2005-01-18,9642,42288,98962,32646
2005-01-25,10583,40809,96891,30226
2005-02-01,10753,40985,95173,30232
2005-02-08,11700,39463,95344,27763
2005-02-15,6690,43664,96899,36974
2005-02-22,5157,47471,102103,42314
2005-03-01,4887,47371,99341,42484
2005-03-08,4676,49415,101960,44739
2005-03-15,3510,47955,102305,44445
2005-03-22,6246,45798,103328,39552
2005-03-29,4674,37645,96568,32971
2005-04-05,4663,39261,98663,34598
2005-04-12,4268,40952,102168,36684
2005-04-19,3273,40909,104305,37636
2005-04-26,4236,44601,111987,40365
2005-05-03,18029,37887,105261,19858
2005-05-10,15121,37632,104114,22511
2005-05-17,14087,38777,102869,24690
2005-05-24,13572,38526,105219,24954
2005-05-31,9956,52757,113358,42801
2005-06-07,7479,64948,121857,57469
2005-06-14,5778,59725,128442,53947
2005-06-21,5781,57072,130474,51291
2005-06-28,6335,52982,124362,46647
2005-07-05,18329,42886,122624,24557
2005-07-12,18891,41751,123279,22860
2005-07-19,21296,43198,128213,21902
2005-07-26,19384,41302,123485,21918
2005-08-02,9640,43043,122020,33403
2005-08-09,12687,41925,123818,29238
2005-08-16,15861,40199,121306,24338
2005-08-23,15490,40167,116131,24677
2005-08-30,32167,43817,120303,11650
2005-09-06,24659,39225,112175,14566
2005-09-13,26495,42004,115435,15509
2005-09-20,15548,49008,117718,33460
2005-09-27,13317,50616,118954,37299
2005-10-04,12413,55195,125742,42782
2005-10-11,11516,62883,134435,51367
2005-10-18,12036,66282,142530,54246
2005-10-25,12135,66256,138960,54121
2005-11-01,9137,60685,137967,51548
2005-11-08,11181,62257,143966,51076
2005-11-15,13493,65215,150342,51722
2005-11-22,12988,73548,149698,60560
2005-11-29,12079,75230,145136,63151
2005-12-06,12301,79031,141571,66730
2005-12-13,10147,72934,137249,62787
2005-12-20,7927,68903,133600,60976
2005-12-27,7888,69081,135028,61193
2006-01-03,7108,66488,131555,59380
2006-01-10,5580,64551,130725,58971
2006-01-17,5452,64299,131701,58847
2006-01-24,7114,66946,131185,59832
2006-01-31,10246,66502,133259,56256
2006-02-07,10006,62794,130754,52788
2006-02-14,8687,59275,127737,50588
2006-02-21,8096,59943,132532,51847
2006-02-28,12249,56871,127839,44622
2006-03-07,9732,61688,132341,51956
2006-03-14,8062,59251,127834,51189
2006-03-21,8786,62687,132347,53901
2006-03-28,10691,63054,134579,52363
2006-04-04,10830,62676,140419,51846
2006-04-11,13889,60028,141906,46139
2006-04-18,14792,56968,140408,42176
2006-04-25,7187,43242,127250,36055
2006-05-02,10448,41659,112421,31211
2006-05-09,8838,38664,110968,29826
2006-05-16,9349,35419,110184,26070
2006-05-23,8554,34795,110443,26241
2006-05-30,8797,35169,109388,26372
2006-06-06,9728,32662,112351,22934
2006-06-13,8612,33080,112993,24468
2006-06-20,9803,32276,112485,22473
2006-06-27,10906,30746,109024,19840
2006-07-03,7219,31220,97874,24001
2006-07-11,7464,31855,99551,24391
2006-07-18,8077,31264,99954,23187
2006-07-25,7320,31142,97539,23822
2006-08-01,7889,32228,98685,24339
2006-08-08,8994,37564,108463,28570
2006-08-15,8978,36719,111358,27741
2006-08-22,9361,38914,114877,29553
2006-08-29,9400,38861,112346,29461
2006-09-05,11100,40920,108132,29820
2006-09-12,10553,32926,101450,22373
2006-09-19,10286,29367,100314,19081
2006-09-26,9800,28267,100272,18467
2006-10-03,8089,27302,98967,19213
2006-10-10,8370,27850,100304,19480
2006-10-17,9026,31433,106890,22407
2006-10-24,8496,34851,109100,26355
2006-10-31,8570,36672,110237,28102
2006-11-07,8467,38784,113697,30317
2006-11-14,8540,43634,117486,35094
2006-11-21,6905,44371,116375,37466
2006-11-28,7051,46095,109864,39044
2006-12-05,7352,49012,106839,41660
2006-12-12,8364,51968,110084,43604
2006-12-19,6432,43218,103358,36786
2006-12-26,6541,41044,101141,34503
2007-01-03,8056,40337,103703,32281
2007-01-09,7262,40894,101420,33632
2007-01-16,7212,39984,101830,32772
2007-01-23,7398,43051,108484,35653
2007-01-30,8123,47120,112320,38997
2007-02-06,8816,49943,116607,41127
2007-02-13,10381,53943,123596,43562
2007-02-20,10495,56923,127032,46428
2007-02-27,9502,63891,125249,54389
2007-03-06,7308,44348,115412,37040
2007-03-13,6920,40204,112728,33284
2007-03-20,6475,38039,113072,31564
2007-03-27,6365,38443,111348,32078
2007-04-03,7739,39399,112120,31660
2007-04-10,9375,43105,118004,33730
2007-04-17,9997,47030,122313,37033
2007-04-24,10378,48794,123627,38416
2007-05-01,11404,43129,109108,31725
2007-05-08,11929,41590,108852,29661
2007-05-15,11620,41376,108698,29756
2007-05-22,14479,39806,108612,25327
2007-05-29,13717,41409,111742,27692
2007-06-05,11980,44461,115097,32481
2007-06-12,12494,44174,119583,31680
2007-06-19,9953,44649,124252,34696
2007-06-26,12713,40565,120288,27852
2007-07-03,16067,40070,117290,24003
2007-07-10,14402,40880,116724,26478
2007-07-17,12046,39986,115546,27940
2007-07-24,10411,42754,119064,32343
2007-07-31,11211,38580,118550,27369
2007-08-07,10377,39317,122787,28940
2007-08-14,9256,36203,122912,26947
2007-08-21,12809,32607,117914,19798
2007-08-28,16050,25712,111791,9662
2007-09-04,16688,25965,107814,9277
2007-09-11,16582,27426,108199,10844
2007-09-18,15241,28450,109750,13209
2007-09-25,13085,37848,116537,24763
2007-10-02,12749,39347,117498,26598
2007-10-09,13029,41278,120478,28249
2007-10-16,13040,41936,124780,28896
2007-10-23,12298,40818,122842,28520
2007-10-30,13733,44222,133518,30489
2007-11-06,14245,48322,150120,34077
2007-11-13,14724,45951,146205,31227
2007-11-20,14802,44350,146852,29548
2007-11-27,11564,42438,144601,30874
2007-12-04,11041,39409,138128,28368
2007-12-11,11234,42254,147922,31020
2007-12-18,12111,38234,148157,26123
2007-12-24,8820,40310,150953,31490
2007-12-31,8322,43450,152888,35128
2008-01-08,10691,51774,168508,41083
2008-01-15,12852,55869,177544,43017
2008-01-22,11916,58504,179362,46588
2008-01-29,11571,57683,183056,46112
2008-02-05,9057,58807,184677,49750
2008-02-12,10885,62875,187309,51990
2008-02-19,10595,63733,189151,53138
2008-02-26,9620,63537,173340,53917
2008-03-04,11594,62211,166625,50617
2008-03-11,8916,59926,162481,51010
2008-03-18,9489,59944,160860,50455
2008-03-25,8541,48579,148918,40038
2008-04-01,6193,47457,145358,41264
2008-04-08,7258,47194,145698,39936
2008-04-15,6379,46916,149199,40537
2008-04-22,6226,47548,153234,41322
2008-04-29,6421,48978,126504,42557
2008-05-06,7600,48779,121057,41179
2008-05-13,9415,49456,122802,40041
2008-05-20,11158,54227,125838,43069
2008-05-27,10909,55747,126583,44838
2008-06-03,9145,51098,123200,41953
2008-06-10,10338,51259,128241,40921
2008-06-17,9430,49452,130931,40022
2008-06-24,10195,49195,128720,39000
2008-07-01,9925,56414,130495,46489
2008-07-08,10957,59095,135835,48138
2008-07-15,10777,60062,143386,49285
2008-07-22,10802,57762,140089,46960
2008-07-29,10421,50265,132854,39844
2008-08-05,9649,46849,133255,37200
2008-08-12,9915,45941,140094,36026
2008-08-19,10961,42525,135028,31564
2008-08-26,11869,39453,125075,27584
2008-09-02,13301,40310,116628,27009
2008-09-09,14090,38840,116403,24750
2008-09-16,14660,38161,112340,23501
2008-09-23,13012,34169,104403,21157
2008-09-30,12069,30405,103812,18336
2008-10-07,11783,28882,99883,17099
2008-10-14,11218,28140,98596,16922
2008-10-21,13463,27104,95873,13641
2008-10-28,12754,27822,95716,15068
2008-11-04,11508,29015,94365,17507
2008-11-11,11287,30913,94494,19626
2008-11-18,10603,29678,91853,19075
2008-11-25,10756,24915,86878,14159
2008-12-02,8210,24263,82434,16053
2008-12-09,7618,24501,83476,16883
2008-12-16,7416,26737,87384,19321
2008-12-22,6577,26817,85219,20240
2008-12-30,7311,27106,85312,19795
2009-01-06,6578,26767,86788,20189
2009-01-13,7543,25899,85916,18356
2009-01-20,7597,26663,86349,19066
2009-01-27,7802,28760,89185,20958
2009-02-03,7015,29430,93813,22415
2009-02-10,6720,30842,96019,24122
2009-02-17,6237,30954,99325,24717
2009-02-24,5768,30975,101629,25207
2009-03-03,5706,32391,93051,26685
2009-03-10,5267,30549,92260,25282
2009-03-17,5022,29437,92796,24415
2009-03-24,4980,27711,93147,22731
2009-03-31,6645,27232,94506,20587
2009-04-07,8557,26198,93101,17641
2009-04-14,7656,24462,94568,16806
2009-04-21,10518,24516,96277,13998
2009-04-28,8402,24121,90687,15719
2009-05-05,6581,27385,89477,20804
2009-05-12,7932,32432,96546,24500
2009-05-19,5964,34189,96079,28225
2009-05-26,5948,33982,98120,28034
2009-06-02,7121,35789,104986,28668
2009-06-09,5446,36330,106447,30884
2009-06-16,4481,33876,103981,29395
2009-06-23,4633,30838,105699,26205
2009-06-30,5455,30233,104594,24778
2009-07-07,5515,29641,100376,24126
2009-07-14,7605,28690,99662,21085
2009-07-21,9811,28351,98269,18540
2009-07-28,8855,30181,97761,21326
2009-08-04,8585,32434,99477,23849
2009-08-11,8771,36581,104790,27810
2009-08-18,7287,35138,103527,27851
2009-08-25,6537,35667,101539,29130
2009-09-01,7815,42244,106671,34429
2009-09-08,7783,48685,116421,40902
2009-09-15,8526,54995,123873,46469
2009-09-22,9522,56756,128184,47234
2009-09-29,7556,54966,128695,47410
2009-10-06,7314,54614,131801,47300
2009-10-13,7257,55532,136015,48275
2009-10-20,7602,55740,135456,48138
2009-10-27,6874,51014,132843,44140
2009-11-03,5944,45742,129240,39798
2009-11-09,5908,43862,141794,37954
2009-11-17,7117,47597,142200,40480
2009-11-24,3222,48870,136162,45648
2009-12-01,4599,49798,131899,45199
2009-12-08,4039,46575,125999,42536
2009-12-15,3763,42440,121787,38677
2009-12-22,2850,42528,122294,39678
2009-12-29,3165,41886,124334,38721
2010-01-05,4813,44312,125391,39499
2010-01-12,4175,48703,128675,44528
2010-01-19,5056,49357,131385,44301
2010-01-26,4404,41473,124895,37069
2010-02-02,6047,36924,122261,30877
2010-02-09,9073,32438,118593,23365
2010-02-16,9237,34615,120166,25378
2010-02-23,7679,35495,117376,27816
2010-03-02,5663,36721,108248,31058
2010-03-09,4886,40051,112130,35165
2010-03-16,5270,40126,114192,34856
2010-03-23,5804,38105,112520,32301
2010-03-30,5753,38734,113405,32981
2010-04-06,6529,44052,118712,37523
2010-04-13,7890,47495,123661,39605
2010-04-20,8098,46960,126679,38862
2010-04-27,7895,48462,124157,40567
2010-05-04,8627,47287,123448,38660
2010-05-11,10258,47848,122669,37590
2010-05-18,8874,51664,125228,42790
2010-05-25,7314,42146,120120,34832
2010-06-01,5912,41797,122368,35885
2010-06-08,5475,40478,122536,35003
2010-06-15,5948,43464,131070,37516
2010-06-22,6615,46666,139019,40051
2010-06-29,5545,47455,128065,41910
2010-07-06,4832,39876,118962,35044
2010-07-13,3994,39176,117959,35182
2010-07-20,6193,37827,117531,31634
2010-07-27,8143,38480,117370,30337
2010-08-03,6730,43185,123464,36455
2010-08-10,6863,42597,123370,35734
2010-08-17,7679,43251,128848,35572
2010-08-24,7448,42255,124185,34807
2010-08-31,9659,54472,130813,44813
2010-09-07,11909,59112,139522,47203
2010-09-14,11905,60696,144798,48791
2010-09-21,12642,62013,146767,49371
2010-09-28,14585,66066,154219,51481
2010-10-05,15198,63681,156096,48483
2010-10-12,14263,59615,153970,45352
2010-10-19,12981,56278,151104,43297
2010-10-26,12509,53018,152980,40509
2010-11-02,12834,52625,158633,39791
2010-11-09,13421,46004,156418,32583
2010-11-16,12139,40243,146693,28104
2010-11-23,9881,40307,147685,30426
2010-11-30,6784,40818,133139,34034
2010-12-07,9637,42606,137675,32969
2010-12-14,9218,39450,130145,30232
2010-12-21,8885,39180,133135,30295
2010-12-28,9420,41539,137918,32119
2011-01-04,10448,40483,136931,30035
2011-01-11,9301,38570,136331,29269
2011-01-18,10357,40010,135675,29653
2011-01-25,10473,38699,125229,28226
2011-02-01,7203,37883,125287,30680
2011-02-08,7852,44915,135797,37063
2011-02-15,9781,50718,147113,40937
2011-02-22,11714,50937,145070,39223
2011-03-01,11848,49750,135802,37902
2011-03-08,11900,50394,133485,38494
2011-03-15,12336,47290,134914,34954
2011-03-22,10777,47552,135988,36775
2011-03-29,10625,47764,138486,37139
2011-04-05,12105,48890,143013,36785
2011-04-12,13583,46305,144670,32722
2011-04-19,14559,48325,144981,33766
2011-04-26,18083,43078,143341,24995
2011-05-03,19397,42751,131907,23354
2011-05-10,10753,34239,123537,23486
2011-05-17,13501,30936,120227,17435
2011-05-24,14171,31754,121395,17583
2011-05-31,11288,28870,120853,17582
2011-06-07,11762,28761,121191,16999
2011-06-14,12674,29261,118846,16587
2011-06-21,11131,30454,120238,19323
2011-06-28,11441,27439,114330,15998
2011-07-05,9296,28131,111251,18835
2011-07-12,9464,29967,112795,20503
2011-07-19,13499,34248,115999,20749
2011-07-26,13445,37358,119563,23913
2011-08-02,13414,38265,120385,24851
2011-08-09,13713,32101,115939,18388
2011-08-16,10769,32697,116007,21928
2011-08-23,11745,38756,122543,27011
2011-08-30,9694,36537,112375,26843
2011-09-06,9978,37185,113449,27207
2011-09-13,10301,36588,112726,26287
2011-09-20,11409,33947,112103,22538
2011-09-27,9728,25153,102014,15425
2011-10-04,11959,23859,101102,11900
2011-10-11,11623,23571,99698,11948
2011-10-18,12653,23005,103357,10352
2011-10-25,12638,23660,107066,11022
2011-11-01,11910,24084,108675,12174
2011-11-08,11474,24414,111841,12940
2011-11-15,11375,25822,110513,14447
2011-11-22,10953,23577,108548,12624
2011-11-29,11722,23816,98959,12094
2011-12-06,10581,23211,95684,12630
2011-12-13,11905,25572,98311,13667
2011-12-20,16874,24302,101165,7428
2011-12-27,17171,24026,103993,6855
2012-01-03,16991,26629,107101,9638
2012-01-10,15137,26208,104345,11071
2012-01-17,12816,26209,103668,13393
2012-01-24,10934,27051,103025,16117
2012-01-31,9374,28465,101747,19091
2012-02-07,8652,32239,106008,23587
2012-02-14,7192,32860,104872,25668
2012-02-21,8154,34819,110583,26665
2012-02-28,8009,38012,115866,30003
2012-03-06,7443,30635,111023,23192
2012-03-13,6643,28459,111730,21816
2012-03-20,7320,28489,111422,21169
2012-03-27,8242,26897,109859,18655
2012-04-03,9187,29242,116434,20055
2012-04-10,9968,28154,114469,18186
2012-04-17,9644,28051,121448,18407
2012-04-24,12442,28913,122325,16471
2012-05-01,11271,26855,110862,15584
2012-05-08,15445,28008,113549,12563
2012-05-15,15777,27251,114208,11474
2012-05-22,17221,28018,113647,10797
2012-05-29,17941,26499,113961,8558
2012-06-05,18015,27809,116809,9794
2012-06-12,17107,26716,122080,9609
2012-06-19,17665,27767,122508,10102
2012-06-26,22140,28362,126164,6222
2012-07-03,18956,28662,122128,9706
2012-07-10,19652,28434,124109,8782
2012-07-17,20775,28431,121819,7656
2012-07-24,22132,30291,123661,8159
2012-07-31,18358,31394,121809,13036
2012-08-07,17741,31421,124276,13680
2012-08-14,16730,32317,128993,15587
2012-08-21,14446,35646,127776,21200
2012-08-28,11070,39708,121777,28638
2012-09-04,9853,42283,119504,32430
2012-09-11,9889,41371,121050,31482
2012-09-18,10650,43205,127032,32555
2012-09-25,10768,44778,133163,34010
2012-10-02,9118,47236,139117,38118
2012-10-09,9573,49398,140426,39825
2012-10-16,8913,49041,141405,40128
2012-10-23,9327,47463,140643,38136
2012-10-30,10565,46782,137585,36217
2012-11-06,10111,44230,139313,34119
2012-11-13,10775,45185,144567,34410
2012-11-20,9347,47308,150335,37961
2012-11-27,9809,51084,150727,41275
2012-12-04,8932,50204,141738,41272
2012-12-11,9048,48548,142085,39500
2012-12-18,8900,44889,141423,35989
2012-12-24,8977,39620,140751,30643
2012-12-31,9104,38291,141489,29187
2013-01-08,9163,37257,137542,28094
2013-01-15,9810,38382,140433,28572
2013-01-22,10189,41282,142279,31093
2013-01-29,8285,43089,148532,34804
2013-02-05,6588,42449,151512,35861
2013-02-12,8133,40205,152817,32072
2013-02-19,12601,39057,155353,26456
2013-02-26,16016,37753,145625,21737
2013-03-05,19846,38449,147100,18603
2013-03-12,20529,38637,148283,18108
2013-03-19,23656,38707,151521,15051
2013-03-26,26144,37548,151568,11404
2013-04-02,30055,38201,155755,8146
2013-04-09,30577,38492,162241,7915
2013-04-16,22103,39701,157302,17598
2013-04-23,23816,38817,158970,15001
2013-04-30,23530,35720,143477,12190
2013-05-07,22183,35834,144156,13651
2013-05-14,24896,35690,144666,10794
2013-05-21,26718,35533,148619,8815
2013-05-28,29468,34059,145299,4591
2013-06-04,29695,35051,145734,5356
2013-06-11,31806,35509,147175,3703
2013-06-18,31570,35474,149891,3904
2013-06-25,33668,34505,140639,837
2013-07-02,31528,36175,136146,4647
2013-07-09,31539,36560,133851,5021
2013-07-16,30140,36775,133445,6635
2013-07-23,29759,35440,131748,5681
2013-07-30,30653,35628,132831,4975
2013-08-06,29160,34627,132053,5467
2013-08-13,24236,36945,135226,12709
2013-08-20,18800,37308,131076,18508
2013-08-27,16767,33147,122271,16380
2013-09-03,15769,34616,115644,18847
2013-09-10,16810,32644,112276,15834
2013-09-17,17083,30889,112757,13806
2013-09-24,16705,29357,112317,12652
2013-10-01,18460,31235,115238,12775
2013-10-08,16881,31887,116098,15006
2013-10-15,18600,33368,116207,14768
2013-10-22,17498,35706,116767,18208
2013-10-29,18225,36674,117934,18449
2013-11-05,17231,36134,118718,18903
2013-11-12,24344,37380,129525,13036
2013-11-19,28555,38586,138809,10031
2013-11-26,32648,39270,133287,6622
2013-12-03,37537,40438,133109,2901
2013-12-10,32598,42551,133086,9953
2013-12-17,30368,41916,133306,11548
2013-12-24,29999,42097,132501,12098
2013-12-31,27402,42083,132475,14681
2014-01-07,23950,41285,131294,17335
2014-01-14,24798,41287,136158,16489
2014-01-21,26466,42334,139468,15868
2014-01-28,30324,40816,144244,10492
2014-02-04,34333,41321,149163,6988
2014-02-11,28645,41279,147988,12634
2014-02-18,16971,40506,147035,23535
2014-02-25,15911,44848,144305,28937
2014-03-04,16388,44297,133550,27909
2014-03-11,17222,43886,136625,26664
2014-03-18,20372,44744,144578,24372
2014-03-25,26487,45500,147597,19013
2014-04-01,29641,44145,150361,14504
2014-04-08,28780,45042,159316,16262
2014-04-15,32858,45957,164158,13099
2014-04-22,31751,45868,157687,14117
2014-04-29,34052,46103,149341,12051
2014-05-06,35393,45772,149495,10379
2014-05-13,35088,46625,149922,11537
2014-05-20,37891,45967,150164,8076
2014-05-27,43038,48126,156319,5088
2014-06-03,49012,49778,161062,766
2014-06-10,44486,48592,161532,4106
2014-06-17,34996,48333,164576,13337
2014-06-24,24830,54160,158093,29330
2014-07-01,20093,60392,156698,40299
2014-07-08,19148,67029,162879,47881
2014-07-15,16629,65907,162447,49278
2014-07-22,16752,64277,162485,47525
2014-07-29,14918,59030,158558,44112
2014-08-05,19802,54165,157578,34363
2014-08-12,24245,53942,158219,29697
2014-08-19,29526,53677,164893,24151
2014-08-26,33021,55545,164262,22524
2014-09-02,39917,59472,162307,19555
2014-09-09,42373,58910,165281,16537
2014-09-16,47624,58536,171260,10912
2014-09-23,46780,55602,170393,8822
2014-09-30,52104,58730,173222,6626
2014-10-07,49584,58526,171283,8942
2014-10-14,50451,58188,169329,7737
2014-10-21,50405,57236,170192,6831
2014-10-28,51537,57469,173733,5932
2014-11-04,51146,58088,176463,6942
2014-11-11,47033,57465,170684,10432
2014-11-18,45077,56831,173075,11754
2014-11-25,37427,52883,156984,15456
2014-12-02,29095,50686,148422,21591
2014-12-09,23670,52129,148195,28459
2014-12-16,26432,52921,150199,26489
2014-12-23,25744,52057,149149,26313
2014-12-30,24104,54126,149594,30022
2015-01-06,22872,54911,152879,32039
2015-01-13,19869,59808,157282,39939
2015-01-20,15929,62203,159904,46274
2015-01-27,12375,65722,162440,53347
2015-02-03,13593,64166,168486,50573
2015-02-10,15170,62034,168146,46864
2015-02-17,19822,61145,175193,41323
2015-02-24,20009,57348,166676,37339
2015-03-03,25135,56342,164018,31207
2015-03-10,31994,57966,169125,25972
2015-03-17,37238,61649,178524,24411
2015-03-24,30209,62332,172659,32123
2015-03-31,22314,65426,170105,43112
2015-04-07,21160,63241,169700,42081
2015-04-14,26872,61417,177877,34545
2015-04-21,36523,60848,182633,24325
2015-04-28,41410,64340,179461,22930
2015-05-05,37760,65383,175694,27623
2015-05-12,35964,65302,174919,29338
2015-05-19,16891,68171,174337,51280
2015-05-26,15611,66592,173629,50981
2015-06-02,16728,63573,178343,46845
2015-06-09,43335,65881,189524,22546
2015-06-16,51643,67315,191774,15672
2015-06-23,58697,74254,200273,15557
2015-06-30,62005,71886,196724,9881
2015-07-07,63993,70786,197092,6793
2015-07-14,56839,66392,185716,9553
2015-07-21,62331,66576,190226,4245
2015-07-28,60829,67125,190322,6296
2015-08-04,58367,66772,185848,8405
2015-08-11,48729,65566,177902,16837
2015-08-18,45501,59535,173545,14034
2015-08-25,43129,58687,167243,15558
2015-09-01,40394,57866,157013,17472
2015-09-08,40020,58761,155615,18741
2015-09-15,46180,60443,158007,14263
2015-09-22,35554,60413,152140,24859
2015-09-29,38453,61556,156905,23103
2015-10-06,28052,68838,156226,40786
2015-10-13,22865,74575,161346,51710
2015-10-20,22151,79449,167574,57298
2015-10-27,19578,82023,169757,62445
2015-11-03,18843,77220,166942,58377
2015-11-10,33314,72304,162435,38990
2015-11-17,47028,72282,170721,25254
2015-11-24,50817,70210,170092,19393
2015-12-01,51019,72909,163286,21890
2015-12-08,49331,70591,162758,21260
2015-12-15,55902,71479,166864,15577
2015-12-22,45193,68584,161116,23391
2015-12-29,47746,68450,165006,20704
2016-01-05,48153,69779,167520,21626
2016-01-12,48772,71255,166172,22483
2016-01-19,39238,68196,159521,28958
2016-01-26,31334,68920,154734,37586
2016-02-02,32097,70685,157934,38588
2016-02-09,25426,78108,164664,52682
2016-02-16,21532,80249,166645,58717
2016-02-23,21262,83189,174697,61927
2016-03-01,23127,78607,162293,55480
2016-03-08,19995,79879,169875,59884
2016-03-15,18533,76606,166180,58073
2016-03-22,19504,82933,175775,63429
2016-03-29,24986,79493,175255,54507
2016-04-05,27931,79942,179913,52011
2016-04-12,25424,87892,184800,62468
2016-04-19,23560,94988,194510,71428
2016-04-26,21001,99774,206748,78773
2016-05-03,24526,100401,198237,75875
2016-05-10,27573,107844,205391,80271
2016-05-17,28786,105988,207394,77202
2016-05-24,31358,97242,203682,65884
2016-05-31,28184,89815,198118,61631
2016-06-07,29635,86676,192376,57041
2016-06-14,27731,97370,199111,69639
2016-06-21,26699,106942,205618,80243
2016-06-28,23894,107555,211396,83661
2016-07-05,25594,111348,211347,85754
2016-07-12,26724,114376,214617,87652
2016-07-19,26449,120839,219206,94390
2016-07-26,27660,123737,218299,96077
2016-08-02,29242,122676,224540,93434
2016-08-09,31101,122165,210647,91064
2016-08-16,33999,118988,205905,84989
2016-08-23,35153,118356,206264,83203
2016-08-30,29876,114230,189416,84354
2016-09-06,30031,118059,199197,88028
2016-09-13,32224,113792,193953,81568
2016-09-20,30932,113567,193501,82635
2016-09-27,32086,116948,201486,84862
2016-10-04,34961,110764,198747,75803
2016-10-11,34634,97527,187469,62893
2016-10-18,34944,94230,189229,59286
2016-10-25,35140,92213,196311,57073
2016-11-01,27097,89233,196912,62136
2016-11-08,24091,89360,188265,65269
2016-11-15,22969,85575,174831,62606
2016-11-22,21668,81835,169661,60167
2016-11-29,20445,79485,156626,59040
2016-12-06,22130,81495,159337,59365
2016-12-13,20107,87040,163556,66933
2016-12-20,22635,83529,159697,60894
2016-12-27,25419,84330,163097,58911
2017-01-03,25530,86821,163812,61291
2017-01-10,23829,88430,165040,64601
2017-01-17,21356,90838,172056,69482
2017-01-24,21298,92319,177601,71021
2017-01-31,20935,96909,186839,75974
2017-02-07,20283,98560,193936,78277
2017-02-14,19953,104765,195338,84812
2017-02-21,20831,108848,208147,88017
2017-02-28,19806,115229,197629,95423
2017-03-07,19984,113437,192398,93453
2017-03-14,19797,102675,186936,82878
2017-03-21,21225,100337,190819,79112
2017-03-28,21509,112197,201829,90688
2017-04-04,25142,126524,219160,101382
2017-04-11,26454,131969,220172,105515
2017-04-18,24491,128378,227984,103887
2017-04-25,27405,121018,214782,93613
2017-05-02,30171,101538,189240,71367
2017-05-09,41327,94982,196083,53655
2017-05-16,57138,100142,215127,43004
2017-05-23,45358,96531,203459,51173
2017-05-30,35154,96568,205235,61414
2017-06-06,35772,101713,208967,65941
2017-06-13,42044,102702,201214,60658
2017-06-20,49319,96000,199929,46681
2017-06-27,58337,93869,204637,35532
2017-07-03,65721,91996,203541,26275
2017-07-11,77169,91174,207592,14005
2017-07-18,81400,90776,209689,9376
2017-07-25,71448,90865,206347,19417
2017-08-01,61500,92259,207258,30759
2017-08-08,57481,91345,195163,33864
2017-08-15,52745,91596,187955,38851
2017-08-22,46759,91305,187227,44546
2017-08-29,39285,92930,182823,53645
2017-09-05,32203,96374,183276,64171
2017-09-12,27256,102243,188207,74987
2017-09-19,31884,99687,192994,67803
2017-09-26,31552,91812,186906,60260
2017-10-03,31918,91097,183494,59179
2017-10-10,33087,92195,188258,59108
2017-10-17,30910,94825,191928,63915
2017-10-24,30293,95413,193899,65120
2017-10-31,35230,95382,198853,60152
2017-11-07,30970,99872,203330,68902
2017-11-14,28897,98070,199899,69173
2017-11-21,30503,98144,199402,67641
2017-11-28,31356,90138,186272,58782
2017-12-05,53479,84905,192970,31426
2017-12-12,67255,77169,202797,9914
2017-12-19,75106,77575,203703,2469
2017-12-26,69365,74013,200321,4648
2018-01-02,52377,75127,192423,22750
2018-01-09,46278,84313,195009,38035
2018-01-16,42654,79866,196511,37212
2018-01-23,47112,76193,199985,29081
2018-01-30,39723,72145,198358,32422
2018-02-06,47189,63729,205470,16540
2018-02-13,56105,64816,194056,8711
2018-02-20,57880,63200,203629,5320
2018-02-27,64531,63023,193343,-1508
2018-03-06,62500,68686,196590,6186
2018-03-13,63760,66707,200094,2947
2018-03-20,76329,63813,216042,-12516
2018-03-27,74443,60786,219518,-13657
2018-04-03,82934,65969,232682,-16965
2018-04-10,79866,65033,227175,-14833
2018-04-17,66696,66609,214297,-87
2018-04-24,55835,67802,201707,11967
2018-05-01,75724,68528,194685,-7196
2018-05-08,72834,72713,195865,-121
2018-05-15,72005,72663,198065,658
2018-05-22,62782,78007,198248,15225
2018-05-29,65613,83066,207610,17453
2018-06-05,65636,85070,211605,19434
2018-06-12,51403,101133,230163,49730
2018-06-19,54421,95323,218814,40902
2018-06-26,59344,93565,218492,34221
2018-07-03,67996,92678,205622,24682
2018-07-10,66899,90598,207701,23699
2018-07-17,78294,87176,212527,8882
2018-07-24,84487,88025,214596,3538
2018-07-31,83752,89616,226512,5864
2018-08-07,88675,93016,235440,4341
2018-08-14,96182,93346,240038,-2836
2018-08-21,98586,91428,244196,-7158
2018-08-28,103138,86540,227329,-16598
2018-09-04,112035,83061,212391,-28974
2018-09-11,108498,81095,208969,-27403
2018-09-18,105540,80024,205469,-25516
2018-09-25,102453,79198,204508,-23255
2018-10-02,93435,75937,200173,-17498
2018-10-09,94385,72135,199853,-22250
2018-10-16,87030,72203,199398,-14827
2018-10-23,80195,75016,199746,-5179
2018-10-30,84523,76053,208976,-8470
2018-11-06,75587,73117,213566,-2470
2018-11-13,91763,74618,224346,-17145
2018-11-20,82374,71646,223049,-10728
2018-11-27,78779,67813,199783,-10966
2018-12-04,69949,69314,179909,-635
2018-12-11,59880,71136,174071,11256
2018-12-18,54192,74023,172860,19831
2018-12-24,51764,77314,173685,25550
2018-12-31,38063,83022,176159,44959
2019-01-08,32763,86786,186506,54023
2019-01-15,33784,85959,191922,52175
2019-01-22,35147,83303,188674,48156
2019-01-29,31791,86074,194895,54283
2019-02-05,32773,89868,207101,57095
2019-02-12,36519,89722,217925,53203
2019-02-19,38866,89135,220822,50269
2019-02-26,32658,90971,206447,58313
2019-03-05,44433,76954,190024,32521
2019-03-12,49101,76183,189768,27082
2019-03-19,51886,75196,189124,23310
2019-03-26,49864,76541,192676,26677
2019-04-02,62210,78993,199592,16783
2019-04-09,59992,76410,208784,16418
2019-04-16,70148,76033,224783,5885
2019-04-23,75999,75889,219113,-110
2019-04-30,74984,77120,196610,2136
2019-05-07,78303,77346,199467,-957
2019-05-14,79751,77542,203788,-2209
2019-05-21,90144,75482,210356,-14662
2019-05-28,96072,73663,217605,-22409
2019-06-04,85096,76653,216145,-8443
2019-06-11,82565,85225,226513,2660
2019-06-18,78759,93275,239466,14516
2019-06-25,67008,97573,229007,30565
2019-07-02,69284,99739,221224,30455
2019-07-09,70929,96080,218493,25151
2019-07-16,63024,100449,229465,37425
2019-07-23,55368,110129,234735,54761
2019-07-30,46985,111282,239059,64297
2019-08-06,56202,106034,239290,49832
2019-08-13,58251,97520,233839,39269
2019-08-20,49273,95987,238086,46714
2019-08-27,43636,103488,239970,59852
2019-09-03,42852,104977,225688,62125
2019-09-10,40182,100413,217433,60231
2019-09-17,38647,94625,212514,55978
2019-09-24,43273,94002,215217,50729
2019-10-01,40152,89967,212266,49815
2019-10-08,39338,90092,213968,50754
2019-10-15,41099,85088,210916,43989
2019-10-22,43004,89747,214529,46743
2019-10-29,41690,95368,221384,53678
2019-11-05,49177,97174,227509,47997
2019-11-12,51963,89327,222122,37364
2019-11-19,45182,89898,221707,44716
2019-11-26,38385,90895,209603,52510
2019-12-03,39014,89241,205807,50227
2019-12-10,44875,85617,202258,40742
2019-12-17,42434,88215,206302,45781
2019-12-24,38608,101030,223046,62422
2019-12-31,36582,106310,229680,69728
2020-01-07,41971,109224,234324,67253
2020-01-14,43389,110762,234639,67373
2020-01-21,40269,109144,233858,68875
2020-01-28,42220,105637,231933,63417
2020-02-04,29275,97078,224936,67803
2020-02-11,28758,96395,221858,67637
2020-02-18,30063,107940,238077,77877
2020-02-25,32697,107490,238970,74793
2020-03-03,34267,82570,196909,48303
2020-03-10,30170,75117,187060,44947
2020-03-17,19247,61215,166682,41968
2020-03-24,19390,53077,150700,33687
2020-03-31,16172,47050,139256,30878
2020-04-07,16754,46471,138974,29717
2020-04-14,17449,48003,143477,30554
2020-04-21,18180,46688,139607,28508
2020-04-28,19515,45020,138349,25505
2020-05-05,21137,44052,132573,22915
2020-05-12,18984,44757,135987,25773
2020-05-19,23463,54391,151890,30928
2020-05-26,24336,61525,158185,37189
2020-06-02,27773,64997,169670,37224
2020-06-09,32295,65660,175240,33365
2020-06-16,30042,66664,174386,36622
2020-06-23,33936,71859,183444,37923
2020-06-30,41145,78746,169418,37601
2020-07-07,42916,80741,169513,37825
2020-07-14,41810,85679,178367,43869
2020-07-21,43255,90010,185745,46755
2020-07-28,47093,74401,184020,27308
2020-08-04,45609,75498,205527,29889
2020-08-11,43860,67428,198069,23568
2020-08-18,44727,71283,194897,26556
2020-08-25,42974,74311,187631,31337
2020-09-01,42874,76346,166449,33472
2020-09-08,39539,73019,158991,33480
2020-09-15,38655,77004,162397,38349
2020-09-22,36062,75009,157908,38947
2020-09-29,33901,74631,157308,40730
2020-10-06,34101,75358,155484,41257
2020-10-13,36132,76920,158203,40788
2020-10-20,32220,76946,157845,44726
2020-10-27,32021,76652,160550,44631
2020-11-03,27175,72516,153267,45341
2020-11-10,26716,72544,155011,45828
2020-11-17,30018,75632,160972,45614
2020-11-24,29091,74771,162092,45680
2020-12-01,29131,77023,152372,47892
2020-12-08,30934,79310,154821,48376
2020-12-15,31177,80689,158268,49512
2020-12-21,33184,90473,171398,57289
2020-12-29,34089,88868,170057,54779
2021-01-05,35226,90777,176005,55551
2021-01-12,35113,87905,170033,52792
2021-01-19,32007,84009,166896,52002
2021-01-26,29984,84444,167880,54460
2021-02-02,29225,80634,179786,51409
2021-02-09,30590,80133,179288,49543
2021-02-16,31824,81648,183544,49824
2021-02-23,31067,78710,172392,47643
2021-03-02,35309,74925,158349,39616
2021-03-09,35296,71445,155425,36149
2021-03-16,37049,70658,159092,33609
2021-03-23,39178,70257,160437,31079
2021-03-30,37532,66502,154987,28970
2021-04-06,34930,67245,154593,32315
2021-04-13,33005,69429,164066,36424
2021-04-20,33486,75167,169420,41681
2021-04-27,33539,76380,172470,42841
2021-05-04,30991,78858,167073,47867
2021-05-11,33554,86397,178250,52843
2021-05-18,35659,86640,181606,50981
2021-05-25,35531,86013,180830,50482
2021-06-01,36883,84400,182312,47517
2021-06-08,33572,83378,184841,49806
2021-06-15,36527,88591,194268,52064
2021-06-22,33970,73841,175703,39871
2021-06-29,30378,71855,157119,41477
2021-07-06,32302,76790,157216,44488
2021-07-13,30558,74247,154699,43689
2021-07-20,32811,70286,151763,37475
2021-07-27,35516,66733,150814,31217
2021-08-03,30053,66192,146196,36139
2021-08-10,39905,64379,154491,24474
2021-08-17,42170,63390,153825,21220
2021-08-24,41450,63311,149847,21861
2021-08-31,40604,62935,140937,22331
2021-09-07,35323,63879,139187,28556
2021-09-14,38151,64827,140540,26676
2021-09-21,51073,66708,145537,15635
2021-09-28,47785,64490,142163,16705
2021-10-05,47578,63957,139763,16379
2021-10-12,45501,63488,139403,17987
2021-10-19,36216,66572,143664,30356
2021-10-26,29145,66677,141581,37532
2021-11-02,31387,64502,141394,33115
2021-11-09,28098,65013,144370,36915
2021-11-16,28319,73944,152404,45625
2021-11-23,28373,68478,149642,40105
2021-11-30,24244,62678,138003,38434
2021-12-07,33097,62930,136572,29833
2021-12-14,41685,63669,142384,21984
2021-12-21,41144,62070,141119,20926
2021-12-28,37415,63873,141246,26458
2022-01-04,34189,65108,139521,30919
2022-01-11,38645,66193,144442,27548
2022-01-18,36285,65985,148737,29700
2022-01-25,31782,63923,151779,32141
2022-02-01,38605,60723,149136,22118
2022-02-08,37606,56905,147379,19299
2022-02-15,33355,56911,156968,23556
2022-02-22,28528,58830,163745,30302
2022-03-01,26287,71235,157391,44948
2022-03-08,24268,76565,168283,52297
2022-03-15,22490,74044,159571,51554
2022-03-22,21332,69279,155456,47947
2022-03-29,17677,65917,147370,48240
2022-04-05,19902,64936,148526,45034
2022-04-12,20370,66356,158813,45986
2022-04-19,22659,69088,170577,46429
2022-04-26,21376,56782,145538,35406
2022-05-03,28696,56764,137692,28068
2022-05-10,40747,59829,142752,19082
2022-05-17,43743,59857,144534,16114
2022-05-24,44645,58748,146456,14103
2022-05-31,41548,55545,147301,13997
2022-06-07,37495,54899,148294,17404
2022-06-14,43211,57216,151978,14005
2022-06-21,36032,54451,145356,18419
2022-06-28,42041,52932,135775,10891
2022-07-05,49702,54841,140463,5139
2022-07-12,51540,54744,142259,3204
2022-07-19,54827,56187,145247,1360
2022-07-26,59171,54671,147784,-4500
2022-08-02,48246,49220,136267,974
2022-08-09,45985,48864,141093,2879
2022-08-16,44343,47851,144314,3508
2022-08-23,53651,49151,144357,-4500
2022-08-30,57739,49468,138714,-8271
2022-09-06,64498,51714,138300,-12784
2022-09-13,58013,53373,135530,-4640
2022-09-20,53963,52323,132107,-1640
2022-09-27,49226,49984,129000,758
2022-10-04,43218,51926,129524,8708
2022-10-11,40550,47939,125623,7389
2022-10-18,50274,51541,136055,1267
2022-10-25,51264,51163,139085,-101
2022-11-01,49762,51286,138875,1524
2022-11-08,40648,53651,140437,13003
2022-11-15,35085,52692,141623,17607
2022-11-22,33774,50540,128907,16766
2022-11-29,30958,48441,121258,17483
2022-12-06,29746,48954,122558,19208
2022-12-13,28586,51405,125555,22819
2022-12-20,26402,56164,129278,29762
2022-12-27,24843,55870,128467,31027
2023-01-03,26867,57801,131990,30934
2023-01-10,27757,56770,129961,29013
2023-01-17,25971,57439,131862,31468
2023-01-24,29911,55595,134922,25684
2023-01-31,27551,54867,138263,27316
2023-02-07,34590,48121,133601,13531
2023-02-14,34522,46028,132132,11506
2023-02-21,35083,44985,123906,9902
2023-02-28,44256,44202,123900,-54
2023-03-07,50685,42903,127503,-7782
2023-03-14,43446,42227,121772,-1219
2023-03-21,37863,41325,119082,3462
2023-03-28,28893,42254,117395,13361
2023-04-04,29044,50327,131210,21283
2023-04-11,31865,55583,142699,23718
2023-04-18,36373,62968,158371,26595
2023-04-25,35542,66145,149692,30603
2023-05-02,36267,68219,142538,31952
2023-05-09,36806,69166,145445,32360
2023-05-16,36625,60440,140139,23815
2023-05-23,34728,56686,135740,21958
2023-05-30,33713,54837,133619,21124
2023-06-06,31674,53149,137871,21475
2023-06-13,31318,55054,153853,23736
2023-06-20,32489,52547,152633,20058
2023-06-27,26931,45983,123491,19052
2023-07-03,28443,46433,114421,17990
2023-07-11,31013,51305,120282,20292
2023-07-18,32558,76420,146863,43862
2023-07-25,35861,72786,146898,36925
2023-08-01,37632,68463,144138,30831
2023-08-08,40457,53781,137631,13324
2023-08-15,42831,50692,138215,7861
2023-08-22,40090,52967,136680,12877
2023-08-29,34611,61744,134993,27133
2023-09-05,30754,57558,128279,26804
2023-09-12,34930,52963,125292,18033
2023-09-19,35468,50699,125749,15231
2023-09-26,31434,51539,126206,20105
2023-10-03,36061,51405,125847,15344
2023-10-10,38038,50337,126971,12299
2023-10-17,31003,50749,123640,19746
2023-10-24,27528,51860,123980,24332
2023-10-31,27814,48025,126549,20211
2023-11-07,28943,47196,131073,18253
2023-11-14,27893,50291,134826,22398
2023-11-21,25920,53372,134333,27452
2023-11-28,28600,62880,139144,34280
2023-12-05,26938,63241,139753,36303
2023-12-12,27226,55684,134281,28458
2023-12-19,22880,52631,127549,29751
2023-12-26,22696,54559,131408,31863
2024-01-02,25064,57634,134725,32570
2024-01-09,26524,52886,131992,26362
2024-01-16,28408,54001,131956,25593
2024-01-23,35384,53121,138617,17737
2024-01-30,31352,52778,136544,21426
2024-02-06,38455,55335,147333,16880
2024-02-13,44360,56785,152544,12425
2024-02-20,35205,57582,146584,22377
2024-02-27,40047,54546,144382,14499
2024-03-05,30570,58885,141026,28315
2024-03-12,26116,67094,144534,40978
2024-03-19,25197,77632,153154,52435
2024-03-26,29885,80721,160327,50836
2024-04-02,30418,83565,166823,53147
2024-04-09,31614,84826,174397,53212
2024-04-16,29056,82415,175784,53359
2024-04-23,26838,86178,175740,59340
2024-04-30,28600,83094,166315,54494
2024-05-07,27998,81650,161868,53652
2024-05-14,28475,87936,171371,59461
2024-05-21,34497,94141,186945,59644
2024-05-28,34547,91730,184846,57183
2024-06-04,32201,88604,179854,56403
2024-06-11,32501,84193,176036,51692
2024-06-18,29958,81859,176605,51901
2024-06-25,25388,81366,166470,55978
2024-07-02,23937,79771,154724,55834
2024-07-09,23295,84351,163245,61056
2024-07-16,24840,85005,166641,60165
2024-07-23,24093,75473,157106,51380
2024-07-30,18355,67416,151437,49061
2024-08-06,15493,64574,147537,49081
2024-08-13,16169,61458,147859,45289
2024-08-20,14606,63930,146986,49324
2024-08-27,13529,65715,141613,52186
2024-09-03,18040,64099,130928,46059
2024-09-10,16907,61649,128959,44742
2024-09-17,16680,74978,140605,58298
2024-09-24,18831,81029,150071,62198
2024-10-01,18664,75588,144757,56924
2024-10-08,17398,72113,142839,54715
2024-10-15,15992,70024,141898,54032
2024-10-22,15784,82139,157264,66355
2024-10-29,19218,79649,156320,60431
2024-11-05,20634,73980,151126,53346
2024-11-12,21309,68951,147526,47642
2024-11-19,19616,65939,141287,46323
2024-11-26,20293,63076,134590,42783
2024-12-03,21025,64285,134074,43260
2024-12-10,31350,72515,151096,41165
2024-12-17,27919,68183,146938,40264
2024-12-24,27688,67851,145618,40163
2024-12-31,29118,67007,151013,37889
2025-01-07,27944,68892,151590,40948
2025-01-14,25431,71511,150364,46080
2025-01-21,28180,75660,159899,47480
2025-01-28,30288,74656,165135,44368
2025-02-04,32759,83120,170726,50361
2025-02-11,29402,79112,164251,49710
2025-02-18,30360,84814,170107,54454
2025-02-25,25607,78469,163681,52862
2025-03-04,19999,73315,145935,53316
2025-03-11,20439,79965,155263,59526
2025-03-18,25303,87601,170566,62298
2025-03-25,24762,85712,169628,60950
2025-04-01,28351,85609,170197,57258
2025-04-08,21910,68426,154289,46516
2025-04-15,21119,65068,144400,43949
2025-04-22,19967,64693,146923,44726
2025-04-29,20356,70299,152669,49943
2025-05-06,21083,70335,140261,49252
2025-05-13,20190,67944,138262,47754
2025-05-20,20849,70891,141451,50042
2025-05-27,20228,73240,147555,53012
2025-06-03,21211,81981,163347,60770
2025-06-10,18542,85192,174281,66650
2025-06-17,21820,88994,184831,67174
2025-06-24,21544,84491,174613,62947
2025-07-01,19347,82747,163567,63400
2025-07-08,22258,80779,162803,58521
2025-07-15,25574,85022,171474,59448
2025-07-22,25058,85678,173679,60620
2025-07-29,21086,80493,170329,59407
2025-08-05,20576,71234,161262,50658
2025-08-12,21984,66252,156432,44268
2025-08-19,21553,68102,158477,46549
2025-08-26,21761,68227,158630,46466
2025-09-02,18543,74466,158368,55923
2025-09-09,18513,72450,156703,53937
2025-09-16,20085,71623,162954,51538
2025-09-23,20042,72318,165805,52276
2025-09-30,20323,70062,163837,49739
2025-10-07,21451,67668,166474,46217
2025-10-14,23860,67041,172415,43181
2025-10-21,23645,60904,169418,37259
2025-10-28,18840,55959,158187,37119
2025-11-04,20945,54166,155257,33221
2025-11-10,22052,55038,159649,32986
2025-11-18,20519,54535,153295,34016
2025-11-25,19814,52002,144541,32188
2025-12-02,21056,59575,150832,38519
2025-12-09,21249,65958,154762,44709
2025-12-16,19682,56034,152921,36352
2025-12-23,19359,55243,155710,35884
2025-12-30,20443,50506,157391,30063
2026-01-06,18113,47384,153240,29271
2026-01-13,15277,47337,151513,32060
2026-01-20,17751,42965,152020,25214
2026-01-27,19772,43475,156637,23703
2026-02-03,13006,38883,143180,25877
2026-02-10,13705,36660,133641,22955
2026-02-17,12623,36626,131496,24003
2026-02-24,10240,32500,125454,22260
2026-03-03,10888,34226,113326,23338
2026-03-10,8728,33306,115458,24578
2026-03-17,9244,31125,114758,21881
2026-03-24,9265,33938,113164,24673
2026-03-31,9559,33463,115169,23904
2026-04-07,9393,32810,115138,23417
2026-04-14,8829,32391,116983,23562
2026-04-21,9513,33233,115462,23720
2026-04-28,7154,31314,101275,24160
2026-05-05,9073,32965,96932,23892
2026-05-12,10458,36569,103800,26111
2026-05-19,9920,34591,100751,24671
2026-05-26,10535,32758,101744,22223
2026-06-02,10007,33933,102809,23926
2026-06-09,10273,32487,103440,22214
2026-06-16,11067,35611,107721,24544
2026-06-23,11388,35139,108944,23751
2026-06-30,10437,37805,108964,27368
2026-07-07,11431,39446,104859,28015
2026-07-14,11172,36246,105023,25074
2026-07-21,13276,36741,106410,23465
2026-07-28,13097,35314,106719,22217
